analog_id,condition_id,edge_label,edge_from_amino_acid,edge_from_sequence_number,edge_to_amino_acid,edge_to_sequence_number,edge_class,clash_assessment,complement_assessment,pose_confidence,structural_rationale,analyst_id
placeholder_analog_01,glp1r_6XOX_WT,LEU245 -> TYR241,LEU,245,TYR,241,pocket_vector,none,none,unresolvable,Pending expert-in-the-loop Track 0 scoring for LEU245 -> TYR241 generated by strict SAR topology join.,pending_track0_analyst
placeholder_analog_01,glp1r_6XOX_WT,ARG310 -> TYR241,ARG,310,TYR,241,pocket_vector,none,none,unresolvable,Pending expert-in-the-loop Track 0 scoring for ARG310 -> TYR241 generated by strict SAR topology join.,pending_track0_analyst
placeholder_analog_01,glp1r_6XOX_WT,PHE230 -> GLN234,PHE,230,GLN,234,pocket_vector,none,none,unresolvable,Pending expert-in-the-loop Track 0 scoring for PHE230 -> GLN234 generated by strict SAR topology join.,pending_track0_analyst
placeholder_analog_01,glp1r_6XOX_WT,ASN320 -> TYR241,ASN,320,TYR,241,pocket_vector,none,none,unresolvable,Pending expert-in-the-loop Track 0 scoring for ASN320 -> TYR241 generated by strict SAR topology join.,pending_track0_analyst
placeholder_analog_01,glp1r_6XOX_WT,TYR241 -> ARG310,TYR,241,ARG,310,downstream_lock,none,none,unresolvable,Pending expert-in-the-loop Track 0 scoring for TYR241 -> ARG310 generated by strict SAR topology join.,pending_track0_analyst
placeholder_analog_01,glp1r_6XOX_WT,TYR241 -> ILE317,TYR,241,ILE,317,downstream_lock,none,none,unresolvable,Pending expert-in-the-loop Track 0 scoring for TYR241 -> ILE317 generated by strict SAR topology join.,pending_track0_analyst
placeholder_analog_01,glp1r_6XOX_WT,TYR241 -> ALA316,TYR,241,ALA,316,downstream_lock,none,none,unresolvable,Pending expert-in-the-loop Track 0 scoring for TYR241 -> ALA316 generated by strict SAR topology join.,pending_track0_analyst
placeholder_analog_01,glp1r_6XOX_WT,MET303 -> LEU307,MET,303,LEU,307,downstream_lock,none,none,unresolvable,Pending expert-in-the-loop Track 0 scoring for MET303 -> LEU307 generated by strict SAR topology join.,pending_track0_analyst
placeholder_analog_01,glp1r_6XOX_WT,TYR242 -> ALA316,TYR,242,ALA,316,downstream_lock,none,none,unresolvable,Pending expert-in-the-loop Track 0 scoring for TYR242 -> ALA316 generated by strict SAR topology join.,pending_track0_analyst
placeholder_analog_02,glp1r_6XOX_WT,LEU245 -> TYR241,LEU,245,TYR,241,pocket_vector,none,none,unresolvable,Pending expert-in-the-loop Track 0 scoring for LEU245 -> TYR241 generated by strict SAR topology join.,pending_track0_analyst
placeholder_analog_02,glp1r_6XOX_WT,ARG310 -> TYR241,ARG,310,TYR,241,pocket_vector,none,none,unresolvable,Pending expert-in-the-loop Track 0 scoring for ARG310 -> TYR241 generated by strict SAR topology join.,pending_track0_analyst
placeholder_analog_02,glp1r_6XOX_WT,PHE230 -> GLN234,PHE,230,GLN,234,pocket_vector,none,none,unresolvable,Pending expert-in-the-loop Track 0 scoring for PHE230 -> GLN234 generated by strict SAR topology join.,pending_track0_analyst
placeholder_analog_02,glp1r_6XOX_WT,ASN320 -> TYR241,ASN,320,TYR,241,pocket_vector,none,none,unresolvable,Pending expert-in-the-loop Track 0 scoring for ASN320 -> TYR241 generated by strict SAR topology join.,pending_track0_analyst
placeholder_analog_02,glp1r_6XOX_WT,TYR241 -> ARG310,TYR,241,ARG,310,downstream_lock,none,none,unresolvable,Pending expert-in-the-loop Track 0 scoring for TYR241 -> ARG310 generated by strict SAR topology join.,pending_track0_analyst
placeholder_analog_02,glp1r_6XOX_WT,TYR241 -> ILE317,TYR,241,ILE,317,downstream_lock,none,none,unresolvable,Pending expert-in-the-loop Track 0 scoring for TYR241 -> ILE317 generated by strict SAR topology join.,pending_track0_analyst
placeholder_analog_02,glp1r_6XOX_WT,TYR241 -> ALA316,TYR,241,ALA,316,downstream_lock,none,none,unresolvable,Pending expert-in-the-loop Track 0 scoring for TYR241 -> ALA316 generated by strict SAR topology join.,pending_track0_analyst
placeholder_analog_02,glp1r_6XOX_WT,MET303 -> LEU307,MET,303,LEU,307,downstream_lock,none,none,unresolvable,Pending expert-in-the-loop Track 0 scoring for MET303 -> LEU307 generated by strict SAR topology join.,pending_track0_analyst
placeholder_analog_02,glp1r_6XOX_WT,TYR242 -> ALA316,TYR,242,ALA,316,downstream_lock,none,none,unresolvable,Pending expert-in-the-loop Track 0 scoring for TYR242 -> ALA316 generated by strict SAR topology join.,pending_track0_analyst
placeholder_analog_03,glp1r_6XOX_WT,LEU245 -> TYR241,LEU,245,TYR,241,pocket_vector,none,none,unresolvable,Pending expert-in-the-loop Track 0 scoring for LEU245 -> TYR241 generated by strict SAR topology join.,pending_track0_analyst
placeholder_analog_03,glp1r_6XOX_WT,ARG310 -> TYR241,ARG,310,TYR,241,pocket_vector,none,none,unresolvable,Pending expert-in-the-loop Track 0 scoring for ARG310 -> TYR241 generated by strict SAR topology join.,pending_track0_analyst
placeholder_analog_03,glp1r_6XOX_WT,PHE230 -> GLN234,PHE,230,GLN,234,pocket_vector,none,none,unresolvable,Pending expert-in-the-loop Track 0 scoring for PHE230 -> GLN234 generated by strict SAR topology join.,pending_track0_analyst
placeholder_analog_03,glp1r_6XOX_WT,ASN320 -> TYR241,ASN,320,TYR,241,pocket_vector,none,none,unresolvable,Pending expert-in-the-loop Track 0 scoring for ASN320 -> TYR241 generated by strict SAR topology join.,pending_track0_analyst
placeholder_analog_03,glp1r_6XOX_WT,TYR241 -> ARG310,TYR,241,ARG,310,downstream_lock,none,none,unresolvable,Pending expert-in-the-loop Track 0 scoring for TYR241 -> ARG310 generated by strict SAR topology join.,pending_track0_analyst
placeholder_analog_03,glp1r_6XOX_WT,TYR241 -> ILE317,TYR,241,ILE,317,downstream_lock,none,none,unresolvable,Pending expert-in-the-loop Track 0 scoring for TYR241 -> ILE317 generated by strict SAR topology join.,pending_track0_analyst
placeholder_analog_03,glp1r_6XOX_WT,TYR241 -> ALA316,TYR,241,ALA,316,downstream_lock,none,none,unresolvable,Pending expert-in-the-loop Track 0 scoring for TYR241 -> ALA316 generated by strict SAR topology join.,pending_track0_analyst
placeholder_analog_03,glp1r_6XOX_WT,MET303 -> LEU307,MET,303,LEU,307,downstream_lock,none,none,unresolvable,Pending expert-in-the-loop Track 0 scoring for MET303 -> LEU307 generated by strict SAR topology join.,pending_track0_analyst
placeholder_analog_03,glp1r_6XOX_WT,TYR242 -> ALA316,TYR,242,ALA,316,downstream_lock,none,none,unresolvable,Pending expert-in-the-loop Track 0 scoring for TYR242 -> ALA316 generated by strict SAR topology join.,pending_track0_analyst
placeholder_analog_04,glp1r_6XOX_WT,LEU245 -> TYR241,LEU,245,TYR,241,pocket_vector,none,none,unresolvable,Pending expert-in-the-loop Track 0 scoring for LEU245 -> TYR241 generated by strict SAR topology join.,pending_track0_analyst
placeholder_analog_04,glp1r_6XOX_WT,ARG310 -> TYR241,ARG,310,TYR,241,pocket_vector,none,none,unresolvable,Pending expert-in-the-loop Track 0 scoring for ARG310 -> TYR241 generated by strict SAR topology join.,pending_track0_analyst
placeholder_analog_04,glp1r_6XOX_WT,PHE230 -> GLN234,PHE,230,GLN,234,pocket_vector,none,none,unresolvable,Pending expert-in-the-loop Track 0 scoring for PHE230 -> GLN234 generated by strict SAR topology join.,pending_track0_analyst
placeholder_analog_04,glp1r_6XOX_WT,ASN320 -> TYR241,ASN,320,TYR,241,pocket_vector,none,none,unresolvable,Pending expert-in-the-loop Track 0 scoring for ASN320 -> TYR241 generated by strict SAR topology join.,pending_track0_analyst
placeholder_analog_04,glp1r_6XOX_WT,TYR241 -> ARG310,TYR,241,ARG,310,downstream_lock,none,none,unresolvable,Pending expert-in-the-loop Track 0 scoring for TYR241 -> ARG310 generated by strict SAR topology join.,pending_track0_analyst
placeholder_analog_04,glp1r_6XOX_WT,TYR241 -> ILE317,TYR,241,ILE,317,downstream_lock,none,none,unresolvable,Pending expert-in-the-loop Track 0 scoring for TYR241 -> ILE317 generated by strict SAR topology join.,pending_track0_analyst
placeholder_analog_04,glp1r_6XOX_WT,TYR241 -> ALA316,TYR,241,ALA,316,downstream_lock,none,none,unresolvable,Pending expert-in-the-loop Track 0 scoring for TYR241 -> ALA316 generated by strict SAR topology join.,pending_track0_analyst
placeholder_analog_04,glp1r_6XOX_WT,MET303 -> LEU307,MET,303,LEU,307,downstream_lock,none,none,unresolvable,Pending expert-in-the-loop Track 0 scoring for MET303 -> LEU307 generated by strict SAR topology join.,pending_track0_analyst
placeholder_analog_04,glp1r_6XOX_WT,TYR242 -> ALA316,TYR,242,ALA,316,downstream_lock,none,none,unresolvable,Pending expert-in-the-loop Track 0 scoring for TYR242 -> ALA316 generated by strict SAR topology join.,pending_track0_analyst
placeholder_analog_05,glp1r_6XOX_WT,LEU245 -> TYR241,LEU,245,TYR,241,pocket_vector,none,none,unresolvable,Pending expert-in-the-loop Track 0 scoring for LEU245 -> TYR241 generated by strict SAR topology join.,pending_track0_analyst
placeholder_analog_05,glp1r_6XOX_WT,ARG310 -> TYR241,ARG,310,TYR,241,pocket_vector,none,none,unresolvable,Pending expert-in-the-loop Track 0 scoring for ARG310 -> TYR241 generated by strict SAR topology join.,pending_track0_analyst
placeholder_analog_05,glp1r_6XOX_WT,PHE230 -> GLN234,PHE,230,GLN,234,pocket_vector,none,none,unresolvable,Pending expert-in-the-loop Track 0 scoring for PHE230 -> GLN234 generated by strict SAR topology join.,pending_track0_analyst
placeholder_analog_05,glp1r_6XOX_WT,ASN320 -> TYR241,ASN,320,TYR,241,pocket_vector,none,none,unresolvable,Pending expert-in-the-loop Track 0 scoring for ASN320 -> TYR241 generated by strict SAR topology join.,pending_track0_analyst
placeholder_analog_05,glp1r_6XOX_WT,TYR241 -> ARG310,TYR,241,ARG,310,downstream_lock,none,none,unresolvable,Pending expert-in-the-loop Track 0 scoring for TYR241 -> ARG310 generated by strict SAR topology join.,pending_track0_analyst
placeholder_analog_05,glp1r_6XOX_WT,TYR241 -> ILE317,TYR,241,ILE,317,downstream_lock,none,none,unresolvable,Pending expert-in-the-loop Track 0 scoring for TYR241 -> ILE317 generated by strict SAR topology join.,pending_track0_analyst
placeholder_analog_05,glp1r_6XOX_WT,TYR241 -> ALA316,TYR,241,ALA,316,downstream_lock,none,none,unresolvable,Pending expert-in-the-loop Track 0 scoring for TYR241 -> ALA316 generated by strict SAR topology join.,pending_track0_analyst
placeholder_analog_05,glp1r_6XOX_WT,MET303 -> LEU307,MET,303,LEU,307,downstream_lock,none,none,unresolvable,Pending expert-in-the-loop Track 0 scoring for MET303 -> LEU307 generated by strict SAR topology join.,pending_track0_analyst
placeholder_analog_05,glp1r_6XOX_WT,TYR242 -> ALA316,TYR,242,ALA,316,downstream_lock,none,none,unresolvable,Pending expert-in-the-loop Track 0 scoring for TYR242 -> ALA316 generated by strict SAR topology join.,pending_track0_analyst
