10dj_chainB	OK
11qe_chainA	OK
24ok_chainA	OK
24os_chainA	OK
29aj_chainD	OK
9ifv_chainA	OK
9ifv_chainB	OK
9ig2_chainA	OK
9ig2_chainB	OK
9m0o_chainD	OK
9m0u_chainA	OK
9m0u_chainB	OK
9m1x_chainA	OK
9m22_chainA	OK
9m3p_chainA	OK
9m5y_chainA	OK
9m5y_chainB	OK
9m6g_chainA	OK
9m6g_chainB	OK
9m7l_chainA	OK
9m7m_chainA	OK
9mat_chainA	OK
9mb3_chainA	OK
9mb3_chainB	OK
9mbf_chainB	OK
9mbg_chainA	OK
9mbg_chainB	OK
9mbh_chainA	OK
9mbh_chainB	OK
9mbi_chainA	OK
9mbi_chainB	OK
9mbj_chainA	OK
9mbj_chainB	OK
9mbk_chainA	OK
9mbk_chainB	OK
9mbl_chainA	OK
9mbl_chainB	OK
9mbm_chainA	OK
9mbm_chainB	OK
9mbn_chainA	OK
9mbn_chainB	OK
9ndu_chainA	OK
9ndu_chainB	OK
9nem_chainA	OK
9nem_chainB	OK
9nem_chainC	OK
9nem_chainD	OK
9nem_chainE	OK
9nf2_chainA	OK
9nlr_chainA	OK
9nlr_chainB	OK
9nlr_chainC	OK
9nlr_chainD	OK
9nlr_chainE	OK
9nlr_chainF	OK
9nlr_chainG	OK
9nlr_chainH	OK
9nlr_chainI	OK
9nlr_chainJ	OK
9nlr_chainK	OK
9nlr_chainL	OK
9nlr_chainM	OK
9nlr_chainN	OK
9nlr_chainO	OK
9nlr_chainP	OK
9nlr_chainQ	OK
9nlr_chainR	OK
9nlr_chainS	OK
9nlr_chainT	OK
9nm5_chainA	OK
9nm5_chainB	OK
9nm5_chainC	OK
9nm5_chainD	OK
9nm5_chainE	OK
9nm5_chainF	OK
9nm5_chainG	OK
9nm5_chainH	OK
9nm5_chainI	OK
9nm5_chainJ	OK
9nmx_chainA	OK
9nmx_chainD	OK
9nmy_chainD	OK
9nr0_chainA	OK
9nr0_chainB	OK
9nwu_chainA	OK
9nwu_chainB	OK
9nwu_chainC	OK
9nwu_chainD	OK
9nxe_chainA	OK
9nxe_chainB	OK
9nxn_chainB	OK
9o05_chainA	OK
9o05_chainC	OK
9o07_chainA	OK
9o07_chainC	OK
9o08_chainA	OK
9o08_chainC	OK
9o0n_chainA	OK
9o0o_chainA	OK
9o0p_chainA	OK
9o0p_chainB	OK
9o0q_chainA	OK
9o0q_chainB	OK
9o0q_chainC	OK
9o0s_chainA	OK
9o14_chainA	OK
9o16_chainA	OK
9o4m_chainC	OK
9o4m_chainD	OK
9o8w_chainA	OK
9o8w_chainB	OK
9o8w_chainC	OK
9o8w_chainD	OK
9o8w_chainE	OK
9o8w_chainF	OK
9o8x_chainA	OK
9o9i_chainA	OK
9oaf_chainA	OK
9ob8_chainA	OK
9obj_chainA	OK
9ocw_chainA	OK
9ofx_chainA	OK
9ofx_chainB	OK
9ogo_chainA	OK
9ogo_chainC	OK
9ohx_chainA	OK
9ohy_chainA	OK
9ohy_chainB	OK
9oo9_chainA	OK
9owf_chainC	OK
9owf_chainH	OK
9p1h_chainA	OK
9p1h_chainC	OK
9p4c_chainH	OK
9p6a_chainA	OK
9p6a_chainB	OK
9p7q_chainA	OK
9pbb_chainA	OK
9pfm_chainA	OK
9pgw_chainA	OK
9pgx_chainA	OK
9pgy_chainA	OK
9phr_chainA	OK
9pi9_chainE	OK
9q1n_chainA	OK
9q1n_chainB	OK
9q1o_chainA	OK
9q1o_chainB	OK
9q5g_chainB	OK
9q88_chainA	OK
9q9e_chainA	OK
9qam_chainA	OK
9qan_chainA	OK
9qao_chainA	OK
9qaq_chainA	OK
9qar_chainA	OK
9qar_chainB	OK
9qas_chainA	OK
9qas_chainB	OK
9qau_chainA	OK
9qau_chainB	OK
9qav_chainA	OK
9qav_chainB	OK
9qb5_chainA	OK
9qb5_chainB	OK
9qe3_chainA	OK
9qe3_chainB	OK
9qe3_chainC	OK
9qe3_chainD	OK
9qex_chainB	OK
9qex_chainD	OK
9qfv_chainB	OK
9qfv_chainD	OK
9qga_chainA	OK
9qga_chainB	OK
9qga_chainC	OK
9qga_chainD	OK
9qjo_chainB	OK
9qjo_chainD	OK
9qm9_chainA	OK
9qm9_chainB	OK
9qng_chainA	OK
9qnh_chainA	OK
9qni_chainA	OK
9qnj_chainA	OK
9qnk_chainA	OK
9qnl_chainA	OK
9qug_chainA	OK
9qvu_chainA	OK
9qvu_chainB	OK
9qvu_chainC	OK
9qw2_chainA	OK
9qw2_chainB	OK
9qw2_chainC	OK
9qwj_chainB	OK
9qwj_chainD	OK
9qwj_chainN	OK
9qwj_chainT	OK
9qwk_chainA	OK
9qwk_chainG	OK
9qwk_chainL	OK
9qwk_chainQ	OK
9qyd_chainA	OK
9qye_chainA	OK
9qyf_chainA	OK
9qze_chainA	OK
9qze_chainB	OK
9r08_chainA	OK
9r3c_chainA	OK
9r57_chainA	OK
9r6h_chainA	OK
9r6h_chainB	OK
9r6v_chainA	OK
9r6v_chainB	OK
9r8c_chainA	OK
9r8c_chainB	OK
9r9g_chainA	OK
9r9g_chainB	OK
9r9g_chainC	OK
9r9g_chainD	OK
9rfb_chainA	OK
9rfb_chainB	OK
9rfd_chainA	OK
9rfd_chainB	OK
9rff_chainA	OK
9rm2_chainG	OK
9rm2_chainJ	OK
9rm2_chainL	OK
9rwd_chainA	OK
9rwd_chainB	OK
9rwd_chainC	OK
9rwd_chainD	OK
9rxt_chainA	OK
9s44_chainA	OK
9s9r_chainA	OK
9s9r_chainB	OK
9sa1_chainA	OK
9sa1_chainB	OK
9sa2_chainA	OK
9sa2_chainB	OK
9sa2_chainC	OK
9sa2_chainD	OK
9sd5_chainA	OK
9sd7_chainA	OK
9sd8_chainA	OK
9sd8_chainB	OK
9sds_chainA	OK
9sds_chainB	OK
9sds_chainC	OK
9sds_chainD	OK
9sia_chainB	OK
9sia_chainC	OK
9sic_chainA	OK
9sic_chainB	OK
9sic_chainC	OK
9sid_chainA	OK
9sid_chainB	OK
9sop_chainA	OK
9sp7_chainA	OK
9srk_chainA	OK
9srk_chainB	OK
9ssa_chainA	OK
9ssb_chainA	OK
9ssb_chainB	OK
9ssb_chainC	OK
9ssb_chainD	OK
9syn_chainA	OK
9t09_chainA	OK
9t0h_chainB	OK
9t29_chainA	OK
9t2f_chainA	OK
9t2g_chainA	OK
9t2i_chainA	OK
9t2i_chainB	OK
9t7f_chainA	OK
9t7f_chainB	OK
9t7f_chainC	OK
9tcb_chainA	OK
9tcb_chainB	OK
9tf5_chainA	OK
9tf5_chainB	OK
9tf5_chainC	OK
9tu0_chainA	OK
9u5b_chainA	OK
9u8g_chainA	OK
9u8g_chainC	OK
9u8l_chainA	OK
9u8t_chainA	OK
9u8u_chainA	OK
9u8v_chainA	OK
9u8w_chainA	OK
9u8w_chainB	OK
9u8x_chainA	OK
9u8y_chainA	OK
9u8z_chainA	OK
9u90_chainA	OK
9u95_chainA	OK
9u95_chainB	OK
9u97_chainA	OK
9uj2_chainA	OK
9uj2_chainB	OK
9upz_chainA	OK
9v0k_chainA	OK
9v0k_chainB	OK
9v7w_chainA	OK
9v84_chainA	OK
9v84_chainB	OK
9v84_chainC	OK
9v84_chainD	OK
9v84_chainE	OK
9v84_chainF	OK
9v84_chainG	OK
9v84_chainH	OK
9v8h_chainA	OK
9vg0_chainA	OK
9vg3_chainA	OK
9vgz_chainA	OK
9vh0_chainA	OK
9vh0_chainB	OK
9vm1_chainA	OK
9vnh_chainA	OK
9vni_chainA	OK
9w11_chainA	OK
9w11_chainB	OK
9w47_chainA	OK
9wgz_chainA	OK
9wri_chainA	OK
9wri_chainB	OK
9wrj_chainA	OK
9wv4_chainA	OK
9wv4_chainB	OK
9wv4_chainC	OK
9wv4_chainD	OK
9wwe_chainA	OK
9wwf_chainA	OK
9x7c_chainA	OK
9x7c_chainB	OK
9x7c_chainC	OK
9xj0_chainA	OK
9xj0_chainB	OK
9xji_chainA	OK
9xji_chainB	OK
9xri_chainA	OK
9xri_chainB	OK
9xrj_chainA	OK
9xrj_chainB	OK
9xzz_chainA	OK
9xzz_chainB	OK
9xzz_chainC	OK
9yb6_chainA	OK
9yb6_chainB	OK
9yc2_chainA	OK
9ycu_chainA	OK
9yg3_chainB	OK
9ygx_chainA	OK
9yk4_chainA	OK
9ymg_chainA	OK
9ymg_chainB	OK
9ymg_chainC	OK
9ymg_chainD	OK
9ymg_chainE	OK
9ymg_chainF	OK
9ysf_chainA	OK
9yxd_chainA	OK
9yxy_chainB	OK
9zb7_chainA	OK
9zn0_chainC	OK
9zn0_chainD	OK
9znb_chainA	OK
9zvu_chainB	OK
