time	gyr_R1	gyr_R2	gyr_R3
0.1	14.42	14.57	14.43
0.2	14.61	14.61	14.32
0.3	14.58	14.55	14.55
0.4	14.58	14.59	14.44
0.5	14.56	14.49	14.5
0.6	14.33	14.52	14.49
0.7	14.41	14.63	14.51
0.8	14.41	14.39	14.41
0.9	14.52	14.45	14.37
1.0	14.53	14.38	14.44
1.1	14.52	14.63	14.59
1.2	14.39	14.53	14.46
1.3	14.43	14.51	14.46
1.4	14.44	14.44	14.46
1.5	14.49	14.49	14.51
1.6	14.5	14.49	14.49
1.7	14.45	14.42	14.36
1.8	14.47	14.56	14.44
1.9	14.41	14.58	14.56
2.0	14.49	14.51	14.53
2.1	14.45	14.49	14.48
2.2	14.45	14.45	14.41
2.3	14.51	14.48	14.51
2.4	14.48	14.41	14.47
2.5	14.52	14.45	14.65
2.6	14.48	14.48	14.42
2.7	14.34	14.53	14.46
2.8	14.54	14.4	14.5
2.9	14.42	14.49	14.44
3.0	14.64	14.42	14.58
3.1	14.7	14.49	14.46
3.2	14.53	14.47	14.58
3.3	14.51	14.54	14.52
3.4	14.61	14.43	14.44
3.5	14.55	14.44	14.46
3.6	14.54	14.54	14.49
3.7	14.44	14.65	14.54
3.8	14.6	14.47	14.4
3.9	14.51	14.39	14.51
4.0	14.53	14.55	14.57
4.1	14.35	14.43	14.58
4.2	14.54	14.53	14.48
4.3	14.51	14.52	14.53
4.4	14.54	14.51	14.34
4.5	14.54	14.37	14.46
4.6	14.46	14.45	14.5
4.7	14.51	14.47	14.42
4.8	14.64	14.48	14.27
4.9	14.59	14.39	14.43
5.0	14.46	14.57	14.29
5.1	14.52	14.38	14.34
5.2	14.45	14.6	14.45
5.3	14.48	14.47	14.4
5.4	14.55	14.59	14.33
5.5	14.5	14.44	14.45
5.6	14.52	14.53	14.32
5.7	14.61	14.53	14.52
5.8	14.53	14.52	14.43
5.9	14.51	14.49	14.35
6.0	14.38	14.47	14.42
6.1	14.52	14.54	14.29
6.2	14.56	14.65	14.56
6.3	14.3	14.61	14.38
6.4	14.51	14.59	14.34
6.5	14.61	14.37	14.45
6.6	14.65	14.56	14.55
6.7	14.62	14.47	14.53
6.8	14.48	14.44	14.54
6.9	14.41	14.52	14.33
7.0	14.63	14.55	14.43
7.1	14.65	14.45	14.51
7.2	14.38	14.5	14.54
7.3	14.55	14.38	14.41
7.4	14.53	14.54	14.54
7.5	14.58	14.35	14.53
7.6	14.59	14.41	14.52
7.7	14.63	14.47	14.44
7.8	14.55	14.44	14.31
7.9	14.71	14.4	14.48
8.0	14.54	14.53	14.7
8.1	14.47	14.37	14.46
8.2	14.51	14.51	14.39
8.3	14.6	14.41	14.49
8.4	14.42	14.46	14.56
8.5	14.43	14.26	14.66
8.6	14.46	14.27	14.45
8.7	14.54	14.32	14.56
8.8	14.54	14.24	14.67
8.9	14.51	14.08	14.63
9.0	14.59	14.33	14.54
9.1	14.55	14.25	14.39
9.2	14.47	14.28	14.65
9.3	14.54	14.29	14.57
9.4	14.35	14.29	14.51
9.5	14.32	14.25	14.4
9.6	14.62	14.17	14.53
9.7	14.5	14.18	14.57
9.8	14.61	14.49	14.52
9.9	14.36	14.48	14.61
10.0	14.5	14.48	14.54
10.1	14.49	14.46	14.54
10.2	14.41	14.47	14.6
10.3	14.44	14.43	14.57
10.4	14.43	14.5	14.54
10.5	14.35	14.53	14.67
10.6	14.57	14.41	14.67
10.7	14.21	14.44	14.6
10.8	14.37	14.28	14.73
10.9	14.4	14.34	14.63
11.0	14.44	14.42	14.63
11.1	14.52	14.54	14.64
11.2	14.51	14.65	14.64
11.3	14.45	14.46	14.62
11.4	14.57	14.49	14.64
11.5	14.52	14.39	14.62
11.6	14.32	14.46	14.68
11.7	14.37	14.4	14.79
11.8	14.42	14.49	14.59
11.9	14.42	14.55	14.57
12.0	14.52	14.54	14.6
12.1	14.43	14.41	14.59
12.2	14.56	14.52	14.66
12.3	14.51	14.37	14.7
12.4	14.34	14.38	14.72
12.5	14.28	14.46	14.7
12.6	14.24	14.43	14.64
12.7	14.28	14.38	14.52
12.8	14.33	14.37	14.76
12.9	14.42	14.5	14.78
13.0	14.32	14.43	14.8
13.1	14.3	14.41	14.71
13.2	14.36	14.28	14.56
13.3	14.4	14.29	14.69
13.4	14.24	14.42	14.64
13.5	14.33	14.44	14.59
13.6	14.3	14.28	14.52
13.7	14.59	14.4	14.59
13.8	14.5	14.42	14.46
13.9	14.34	14.38	14.51
14.0	14.38	14.44	14.61
14.1	14.36	14.55	14.5
14.2	14.33	14.52	14.61
14.3	14.38	14.5	14.63
14.4	14.3	14.4	14.49
14.5	14.43	14.61	14.44
14.6	14.36	14.51	14.49
14.7	14.26	14.36	14.42
14.8	14.38	14.52	14.43
14.9	14.31	14.59	14.29
15.0	14.26	14.59	14.45
15.1	14.38	14.43	14.42
15.2	14.3	14.65	14.51
15.3	14.44	14.54	14.33
15.4	14.35	14.48	14.36
15.5	14.29	14.53	14.51
15.6	14.34	14.33	14.56
15.7	14.31	14.33	14.73
15.8	14.42	14.37	14.49
15.9	14.3	14.51	14.45
16.0	14.33	14.3	14.59
16.1	14.37	14.3	14.53
16.2	14.36	14.29	14.52
16.3	14.38	14.22	14.66
16.4	14.39	14.26	14.6
16.5	14.35	14.35	14.46
16.6	14.42	14.34	14.56
16.7	14.34	14.4	14.46
16.8	14.31	14.36	14.46
16.9	14.38	14.37	14.59
17.0	14.22	14.33	14.55
17.1	14.33	14.41	14.48
17.2	14.44	14.49	14.6
17.3	14.34	14.39	14.4
17.4	14.46	14.25	14.61
17.5	14.35	14.38	14.57
17.6	14.33	14.3	14.52
17.7	14.34	14.33	14.64
17.8	14.28	14.41	14.48
17.9	14.34	14.35	14.56
18.0	14.25	14.37	14.53
18.1	14.36	14.47	14.53
18.2	14.31	14.31	14.51
18.3	14.36	14.44	14.5
18.4	14.34	14.4	14.6
18.5	14.25	14.36	14.54
18.6	14.26	14.37	14.63
18.7	14.24	14.27	14.39
18.8	14.25	14.37	14.52
18.9	14.31	14.53	14.52
19.0	14.19	14.38	14.61
19.1	14.35	14.32	14.45
19.2	14.42	14.57	14.59
19.3	14.33	14.35	14.66
19.4	14.38	14.48	14.53
19.5	14.2	14.36	14.49
19.6	14.43	14.36	14.57
19.7	14.42	14.63	14.65
19.8	14.4	14.48	14.69
19.9	14.31	14.53	14.67
20.0	14.37	14.26	14.63
20.1	14.42	14.36	14.59
20.2	14.35	14.3	14.61
20.3	14.32	14.25	14.75
20.4	14.2	14.43	14.6
20.5	14.34	14.51	14.77
20.6	14.33	14.44	14.74
20.7	14.3	14.45	14.71
20.8	14.26	14.47	14.66
20.9	14.4	14.43	14.5
21.0	14.34	14.55	14.66
21.1	14.3	14.48	14.5
21.2	14.29	14.42	14.61
21.3	14.38	14.42	14.59
21.4	14.43	14.48	14.5
21.5	14.19	14.6	14.57
21.6	14.26	14.58	14.46
21.7	14.32	14.52	14.5
21.8	14.31	14.47	14.6
21.9	14.43	14.36	14.48
22.0	14.41	14.41	14.61
22.1	14.35	14.28	14.49
22.2	14.33	14.39	14.46
22.3	14.52	14.34	14.67
22.4	14.53	14.29	14.48
22.5	14.6	14.16	14.46
22.6	14.5	14.4	14.57
22.7	14.48	14.31	14.58
22.8	14.5	14.3	14.55
22.9	14.36	14.34	14.47
23.0	14.2	14.33	14.6
23.1	14.41	14.25	14.33
23.2	14.62	14.29	14.45
23.3	14.58	14.52	14.4
23.4	14.4	14.19	14.44
23.5	14.5	14.32	14.38
23.6	14.62	14.41	14.38
23.7	14.54	14.24	14.51
23.8	14.41	14.51	14.53
23.9	14.62	14.23	14.72
24.0	14.36	14.21	14.53
24.1	14.29	14.26	14.7
24.2	14.25	14.31	14.49
24.3	14.31	14.27	14.54
24.4	14.28	14.3	14.37
24.5	14.21	14.26	14.42
24.6	14.37	14.2	14.61
24.7	14.38	14.28	14.57
24.8	14.25	14.37	14.59
24.9	14.36	14.42	14.55
25.0	14.41	14.19	14.62
25.1	14.35	14.21	14.51
25.2	14.24	14.26	14.47
25.3	14.19	14.19	14.48
25.4	14.49	14.19	14.48
25.5	14.4	14.38	14.43
25.6	14.36	14.24	14.55
25.7	14.27	14.24	14.57
25.8	14.34	14.42	14.42
25.9	14.49	14.24	14.36
26.0	14.41	14.41	14.6
26.1	14.33	14.48	14.48
26.2	14.31	14.36	14.48
26.3	14.32	14.47	14.42
26.4	14.32	14.41	14.49
26.5	14.33	14.35	14.51
26.6	14.48	14.13	14.5
26.7	14.35	14.37	14.5
26.8	14.31	14.29	14.53
26.9	14.33	14.37	14.47
27.0	14.41	14.52	14.48
27.1	14.47	14.39	14.45
27.2	14.43	14.4	14.68
27.3	14.34	14.49	14.6
27.4	14.4	14.42	14.51
27.5	14.46	14.43	14.44
27.6	14.49	14.5	14.46
27.7	14.35	14.42	14.54
27.8	14.36	14.4	14.46
27.9	14.44	14.43	14.63
28.0	14.43	14.27	14.39
28.1	14.29	14.53	14.52
28.2	14.37	14.7	14.46
28.3	14.26	14.5	14.59
28.4	14.38	14.52	14.49
28.5	14.55	14.36	14.53
28.6	14.4	14.38	14.48
28.7	14.27	14.46	14.52
28.8	14.3	14.34	14.68
28.9	14.36	14.4	14.49
29.0	14.35	14.4	14.46
29.1	14.26	14.33	14.56
29.2	14.22	14.45	14.54
29.3	14.36	14.29	14.44
29.4	14.38	14.32	14.54
29.5	14.44	14.36	14.62
29.6	14.39	14.54	14.54
29.7	14.44	14.56	14.59
29.8	14.49	14.58	14.39
29.9	14.42	14.49	14.48
30.0	14.59	14.42	14.59
30.1	14.52	14.63	14.66
30.2	14.54	14.59	14.5
30.3	14.67	14.53	14.43
30.4	14.45	14.56	14.42
30.5	14.43	14.42	14.44
30.6	14.58	14.41	14.6
30.7	14.65	14.34	14.42
30.8	14.59	14.38	14.45
30.9	14.35	14.44	14.47
31.0	14.44	14.4	14.46
31.1	14.57	14.33	14.45
31.2	14.69	14.44	14.54
31.3	14.49	14.52	14.54
31.4	14.52	14.6	14.5
31.5	14.36	14.33	14.47
31.6	14.56	14.46	14.45
31.7	14.49	14.45	14.46
31.8	14.43	14.36	14.5
31.9	14.33	14.34	14.55
32.0	14.5	14.25	14.5
32.1	14.67	14.29	14.55
32.2	14.39	14.39	14.5
32.3	14.51	14.45	14.49
32.4	14.58	14.3	14.53
32.5	14.52	14.47	14.5
32.6	14.56	14.41	14.56
32.7	14.42	14.35	14.62
32.8	14.47	14.4	14.47
32.9	14.39	14.35	14.61
33.0	14.45	14.38	14.54
33.1	14.37	14.34	14.53
33.2	14.33	14.41	14.66
33.3	14.3	14.34	14.59
33.4	14.35	14.28	14.49
33.5	14.39	14.45	14.65
33.6	14.32	14.29	14.53
33.7	14.44	14.32	14.5
33.8	14.47	14.47	14.42
33.9	14.51	14.32	14.35
34.0	14.38	14.26	14.53
34.1	14.43	14.28	14.45
34.2	14.31	14.36	14.49
34.3	14.37	14.31	14.42
34.4	14.34	14.26	14.48
34.5	14.41	14.38	14.4
34.6	14.29	14.49	14.41
34.7	14.34	14.44	14.51
34.8	14.33	14.55	14.61
34.9	14.34	14.4	14.41
35.0	14.43	14.36	14.4
35.1	14.42	14.28	14.41
35.2	14.35	14.38	14.49
35.3	14.37	14.28	14.49
35.4	14.36	14.53	14.3
35.5	14.3	14.55	14.45
35.6	14.34	14.56	14.38
35.7	14.36	14.43	14.42
35.8	14.3	14.64	14.52
35.9	14.41	14.48	14.36
36.0	14.33	14.51	14.58
36.1	14.32	14.52	14.52
36.2	14.31	14.56	14.49
36.3	14.35	14.49	14.36
36.4	14.29	14.47	14.33
36.5	14.44	14.54	14.3
36.6	14.43	14.52	14.39
36.7	14.4	14.35	14.38
36.8	14.36	14.33	14.39
36.9	14.33	14.42	14.42
37.0	14.2	14.42	14.32
37.1	14.43	14.42	14.39
37.2	14.22	14.55	14.37
37.3	14.31	14.37	14.5
37.4	14.3	14.42	14.57
37.5	14.33	14.61	14.54
37.6	14.35	14.69	14.43
37.7	14.25	14.53	14.47
37.8	14.24	14.46	14.57
37.9	14.28	14.49	14.44
38.0	14.25	14.49	14.42
38.1	14.23	14.53	14.43
38.2	14.22	14.42	14.65
38.3	14.46	14.53	14.64
38.4	14.26	14.53	14.56
38.5	14.39	14.55	14.44
38.6	14.35	14.58	14.56
38.7	14.52	14.52	14.52
38.8	14.41	14.57	14.55
38.9	14.5	14.39	14.52
39.0	14.47	14.58	14.46
39.1	14.3	14.57	14.65
39.2	14.3	14.67	14.35
39.3	14.34	14.5	14.33
39.4	14.27	14.49	14.24
39.5	14.36	14.61	14.32
39.6	14.33	14.42	14.51
39.7	14.44	14.62	14.45
39.8	14.39	14.65	14.4
39.9	14.45	14.63	14.58
40.0	14.38	14.64	14.42
40.1	14.48	14.56	14.45
40.2	14.62	14.53	14.45
40.3	14.48	14.6	14.48
40.4	14.45	14.65	14.4
40.5	14.37	14.47	14.43
40.6	14.48	14.49	14.41
40.7	14.41	14.37	14.4
40.8	14.35	14.43	14.43
40.9	14.39	14.55	14.41
41.0	14.27	14.48	14.34
41.1	14.24	14.46	14.38
41.2	14.31	14.55	14.45
41.3	14.42	14.55	14.54
41.4	14.52	14.39	14.63
41.5	14.48	14.49	14.41
41.6	14.4	14.23	14.48
41.7	14.38	14.38	14.45
41.8	14.23	14.46	14.36
41.9	14.37	14.41	14.5
42.0	14.46	14.39	14.47
42.1	14.36	14.47	14.34
42.2	14.33	14.38	14.53
42.3	14.4	14.35	14.4
42.4	14.28	14.4	14.5
42.5	14.37	14.41	14.49
42.6	14.32	14.37	14.53
42.7	14.44	14.48	14.45
42.8	14.41	14.54	14.42
42.9	14.46	14.36	14.44
43.0	14.42	14.4	14.41
43.1	14.51	14.34	14.36
43.2	14.3	14.47	14.32
43.3	14.35	14.53	14.4
43.4	14.44	14.4	14.52
43.5	14.47	14.43	14.42
43.6	14.5	14.5	14.51
43.7	14.37	14.66	14.44
43.8	14.46	14.61	14.55
43.9	14.36	14.4	14.38
44.0	14.45	14.53	14.51
44.1	14.45	14.46	14.47
44.2	14.38	14.42	14.51
44.3	14.32	14.47	14.43
44.4	14.56	14.43	14.47
44.5	14.52	14.46	14.47
44.6	14.47	14.48	14.49
44.7	14.34	14.43	14.54
44.8	14.49	14.49	14.47
44.9	14.42	14.52	14.46
45.0	14.44	14.46	14.31
45.1	14.37	14.28	14.36
45.2	14.36	14.49	14.43
45.3	14.48	14.32	14.46
45.4	14.33	14.49	14.46
45.5	14.34	14.34	14.47
45.6	14.42	14.37	14.41
45.7	14.47	14.55	14.34
45.8	14.38	14.54	14.39
45.9	14.46	14.46	14.43
46.0	14.35	14.59	14.4
46.1	14.51	14.53	14.36
46.2	14.35	14.45	14.49
46.3	14.41	14.5	14.38
46.4	14.43	14.42	14.38
46.5	14.39	14.61	14.34
46.6	14.41	14.48	14.34
46.7	14.34	14.56	14.43
46.8	14.47	14.6	14.39
46.9	14.32	14.42	14.29
47.0	14.4	14.49	14.33
47.1	14.24	14.47	14.31
47.2	14.41	14.48	14.32
47.3	14.31	14.41	14.4
47.4	14.34	14.35	14.54
47.5	14.27	14.69	14.43
47.6	14.4	14.67	14.34
47.7	14.39	14.67	14.36
47.8	14.34	14.53	14.35
47.9	14.38	14.46	14.3
48.0	14.32	14.49	14.3
48.1	14.41	14.51	14.37
48.2	14.31	14.32	14.39
48.3	14.34	14.43	14.37
48.4	14.41	14.42	14.34
48.5	14.45	14.42	14.43
48.6	14.36	14.49	14.51
48.7	14.36	14.4	14.33
48.8	14.33	14.46	14.33
48.9	14.26	14.25	14.5
49.0	14.44	14.33	14.55
49.1	14.4	14.38	14.65
49.2	14.48	14.36	14.48
49.3	14.33	14.32	14.61
49.4	14.39	14.49	14.5
49.5	14.34	14.28	14.47
49.6	14.36	14.51	14.4
49.7	14.4	14.42	14.48
49.8	14.45	14.28	14.42
49.9	14.51	14.31	14.56
50.0	14.43	14.38	14.35
50.1	14.51	14.36	14.38
50.2	14.3	14.34	14.36
50.3	14.44	14.35	14.3
50.4	14.41	14.34	14.4
50.5	14.39	14.32	14.39
50.6	14.44	14.46	14.37
50.7	14.49	14.36	14.32
50.8	14.4	14.31	14.39
50.9	14.53	14.42	14.41
51.0	14.3	14.35	14.32
51.1	14.44	14.37	14.49
51.2	14.44	14.28	14.34
51.3	14.29	14.34	14.42
51.4	14.34	14.35	14.45
51.5	14.38	14.29	14.44
51.6	14.36	14.4	14.44
51.7	14.36	14.4	14.5
51.8	14.19	14.25	14.4
51.9	14.38	14.38	14.51
52.0	14.34	14.47	14.38
52.1	14.34	14.45	14.36
52.2	14.48	14.4	14.43
52.3	14.49	14.58	14.53
52.4	14.37	14.63	14.32
52.5	14.27	14.55	14.42
52.6	14.34	14.5	14.4
52.7	14.31	14.44	14.28
52.8	14.27	14.44	14.36
52.9	14.41	14.42	14.29
53.0	14.41	14.39	14.53
53.1	14.41	14.4	14.37
53.2	14.34	14.41	14.31
53.3	14.42	14.44	14.35
53.4	14.29	14.46	14.31
53.5	14.51	14.43	14.34
53.6	14.39	14.37	14.54
53.7	14.34	14.43	14.34
53.8	14.3	14.57	14.47
53.9	14.39	14.56	14.54
54.0	14.45	14.54	14.36
54.1	14.37	14.49	14.4
54.2	14.43	14.45	14.52
54.3	14.43	14.4	14.36
54.4	14.28	14.35	14.36
54.5	14.39	14.36	14.44
54.6	14.32	14.38	14.5
54.7	14.45	14.37	14.54
54.8	14.35	14.3	14.49
54.9	14.36	14.57	14.4
55.0	14.33	14.57	14.41
55.1	14.3	14.51	14.32
55.2	14.37	14.63	14.54
55.3	14.34	14.5	14.5
55.4	14.3	14.41	14.53
55.5	14.51	14.35	14.49
55.6	14.24	14.56	14.32
55.7	14.24	14.52	14.36
55.8	14.31	14.37	14.5
55.9	14.29	14.49	14.35
56.0	14.4	14.52	14.29
56.1	14.27	14.43	14.43
56.2	14.34	14.43	14.49
56.3	14.51	14.45	14.64
56.4	14.38	14.39	14.66
56.5	14.21	14.45	14.52
56.6	14.3	14.53	14.39
56.7	14.27	14.42	14.46
56.8	14.45	14.48	14.68
56.9	14.26	14.37	14.58
57.0	14.34	14.57	14.55
57.1	14.52	14.65	14.5
57.2	14.33	14.57	14.43
57.3	14.4	14.46	14.42
57.4	14.36	14.65	14.22
57.5	14.39	14.52	14.37
57.6	14.34	14.42	14.37
57.7	14.37	14.28	14.42
57.8	14.35	14.42	14.25
57.9	14.33	14.37	14.38
58.0	14.32	14.3	14.34
58.1	14.24	14.44	14.37
58.2	14.34	14.4	14.47
58.3	14.35	14.41	14.36
58.4	14.35	14.39	14.43
58.5	14.38	14.53	14.51
58.6	14.26	14.55	14.42
58.7	14.5	14.57	14.44
58.8	14.48	14.69	14.38
58.9	14.51	14.57	14.34
59.0	14.5	14.55	14.36
59.1	14.42	14.34	14.38
59.2	14.4	14.45	14.36
59.3	14.49	14.44	14.38
59.4	14.45	14.65	14.53
59.5	14.46	14.5	14.62
59.6	14.52	14.48	14.38
59.7	14.45	14.62	14.57
59.8	14.45	14.51	14.56
59.9	14.51	14.41	14.41
60.0	14.47	14.37	14.46
60.1	14.32	14.4	14.36
60.2	14.34	14.35	14.47
60.3	14.4	14.42	14.37
60.4	14.37	14.41	14.36
60.5	14.28	14.48	14.41
60.6	14.43	14.42	14.42
60.7	14.33	14.48	14.46
60.8	14.42	14.4	14.4
60.9	14.4	14.54	14.31
61.0	14.42	14.54	14.49
61.1	14.33	14.42	14.37
61.2	14.3	14.71	14.38
61.3	14.25	14.44	14.39
61.4	14.35	14.55	14.35
61.5	14.52	14.63	14.54
61.6	14.37	14.66	14.39
61.7	14.38	14.66	14.3
61.8	14.37	14.54	14.35
61.9	14.45	14.47	14.53
62.0	14.44	14.39	14.38
62.1	14.3	14.39	14.37
62.2	14.31	14.38	14.44
62.3	14.37	14.42	14.37
62.4	14.54	14.42	14.39
62.5	14.46	14.42	14.37
62.6	14.33	14.41	14.38
62.7	14.28	14.43	14.41
62.8	14.3	14.31	14.45
62.9	14.43	14.4	14.51
63.0	14.34	14.44	14.35
63.1	14.35	14.37	14.39
63.2	14.57	14.49	14.46
63.3	14.48	14.34	14.49
63.4	14.4	14.42	14.5
63.5	14.4	14.35	14.45
63.6	14.38	14.42	14.5
63.7	14.3	14.29	14.31
63.8	14.37	14.34	14.44
63.9	14.44	14.24	14.56
64.0	14.41	14.24	14.38
64.1	14.4	14.4	14.42
64.2	14.63	14.42	14.38
64.3	14.44	14.37	14.48
64.4	14.47	14.44	14.37
64.5	14.6	14.47	14.44
64.6	14.4	14.5	14.4
64.7	14.51	14.38	14.41
64.8	14.38	14.38	14.39
64.9	14.36	14.54	14.46
65.0	14.37	14.45	14.58
65.1	14.5	14.35	14.34
65.2	14.44	14.4	14.41
65.3	14.45	14.44	14.5
65.4	14.44	14.45	14.39
65.5	14.45	14.36	14.36
65.6	14.35	14.42	14.59
65.7	14.4	14.51	14.36
65.8	14.48	14.63	14.38
65.9	14.36	14.48	14.6
66.0	14.33	14.51	14.4
66.1	14.43	14.3	14.46
66.2	14.58	14.49	14.51
66.3	14.57	14.49	14.42
66.4	14.37	14.57	14.43
66.5	14.68	14.52	14.54
66.6	14.62	14.59	14.38
66.7	14.47	14.49	14.35
66.8	14.4	14.37	14.44
66.9	14.29	14.48	14.47
67.0	14.33	14.43	14.35
67.1	14.27	14.46	14.37
67.2	14.31	14.44	14.52
67.3	14.39	14.53	14.34
67.4	14.41	14.49	14.38
67.5	14.49	14.57	14.45
67.6	14.4	14.62	14.35
67.7	14.41	14.69	14.48
67.8	14.31	14.47	14.46
67.9	14.3	14.51	14.52
68.0	14.35	14.56	14.54
68.1	14.25	14.34	14.5
68.2	14.47	14.54	14.46
68.3	14.39	14.45	14.43
68.4	14.35	14.53	14.47
68.5	14.21	14.53	14.46
68.6	14.25	14.54	14.32
68.7	14.27	14.61	14.39
68.8	14.32	14.45	14.43
68.9	14.31	14.44	14.42
69.0	14.3	14.47	14.38
69.1	14.46	14.61	14.53
69.2	14.36	14.63	14.36
69.3	14.2	14.5	14.61
69.4	14.28	14.52	14.51
69.5	14.31	14.59	14.47
69.6	14.37	14.45	14.46
69.7	14.34	14.59	14.73
69.8	14.35	14.5	14.56
69.9	14.34	14.49	14.78
70.0	14.32	14.49	14.7
70.1	14.21	14.49	14.69
70.2	14.23	14.56	14.67
70.3	14.16	14.6	14.62
70.4	14.18	14.62	14.52
70.5	14.33	14.51	14.37
70.6	14.26	14.65	14.58
70.7	14.29	14.33	14.6
70.8	14.28	14.5	14.55
70.9	14.3	14.44	14.49
71.0	14.3	14.42	14.58
71.1	14.39	14.32	14.66
71.2	14.31	14.4	14.52
71.3	14.37	14.5	14.58
71.4	14.39	14.47	14.59
71.5	14.31	14.44	14.6
71.6	14.36	14.36	14.56
71.7	14.51	14.63	14.52
71.8	14.45	14.52	14.38
71.9	14.46	14.41	14.43
72.0	14.33	14.51	14.48
72.1	14.41	14.51	14.49
72.2	14.42	14.53	14.46
72.3	14.37	14.43	14.49
72.4	14.49	14.45	14.31
72.5	14.44	14.49	14.32
72.6	14.44	14.48	14.53
72.7	14.34	14.36	14.46
72.8	14.51	14.42	14.39
72.9	14.39	14.32	14.4
73.0	14.37	14.47	14.39
73.1	14.4	14.38	14.46
73.2	14.23	14.22	14.39
73.3	14.32	14.28	14.39
73.4	14.3	14.25	14.53
73.5	14.42	14.22	14.35
73.6	14.43	14.26	14.36
73.7	14.46	14.31	14.38
73.8	14.4	14.13	14.45
73.9	14.49	14.25	14.38
74.0	14.31	14.23	14.37
74.1	14.58	14.28	14.43
74.2	14.44	14.42	14.34
74.3	14.38	14.26	14.38
74.4	14.27	14.32	14.48
74.5	14.31	14.35	14.52
74.6	14.29	14.28	14.55
74.7	14.37	14.28	14.42
74.8	14.39	14.29	14.61
74.9	14.37	14.27	14.57
75.0	14.39	14.29	14.41
75.1	14.36	14.29	14.39
75.2	14.3	14.31	14.46
75.3	14.38	14.29	14.43
75.4	14.44	14.35	14.56
75.5	14.42	14.34	14.45
75.6	14.45	14.24	14.39
75.7	14.37	14.28	14.44
75.8	14.35	14.3	14.37
75.9	14.39	14.36	14.43
76.0	14.28	14.28	14.4
76.1	14.43	14.26	14.45
76.2	14.17	14.27	14.45
76.3	14.3	14.22	14.38
76.4	14.22	14.27	14.48
76.5	14.44	14.25	14.39
76.6	14.48	14.3	14.39
76.7	14.65	14.33	14.47
76.8	14.47	14.2	14.48
76.9	14.52	14.36	14.35
77.0	14.39	14.43	14.5
77.1	14.58	14.51	14.62
77.2	14.36	14.39	14.5
77.3	14.38	14.38	14.42
77.4	14.29	14.25	14.33
77.5	14.46	14.32	14.49
77.6	14.4	14.38	14.43
77.7	14.53	14.42	14.37
77.8	14.36	14.37	14.5
77.9	14.36	14.26	14.36
78.0	14.42	14.3	14.43
78.1	14.34	14.45	14.54
78.2	14.29	14.26	14.52
78.3	14.42	14.38	14.48
78.4	14.33	14.34	14.5
78.5	14.33	14.36	14.43
78.6	14.5	14.37	14.48
78.7	14.41	14.42	14.63
78.8	14.31	14.62	14.41
78.9	14.39	14.6	14.39
79.0	14.39	14.47	14.44
79.1	14.4	14.54	14.46
79.2	14.39	14.52	14.45
79.3	14.23	14.76	14.5
79.4	14.38	14.64	14.51
79.5	14.26	14.6	14.55
79.6	14.26	14.5	14.52
79.7	14.28	14.58	14.52
79.8	14.3	14.65	14.38
79.9	14.42	14.5	14.52
80.0	14.18	14.54	14.54
80.1	14.3	14.45	14.42
80.2	14.19	14.44	14.46
80.3	14.22	14.46	14.48
80.4	14.26	14.51	14.59
80.5	14.33	14.53	14.57
80.6	14.29	14.49	14.47
80.7	14.38	14.61	14.58
80.8	14.5	14.52	14.47
80.9	14.32	14.38	14.49
81.0	14.39	14.45	14.38
81.1	14.23	14.55	14.43
81.2	14.29	14.52	14.41
81.3	14.3	14.48	14.31
81.4	14.36	14.44	14.53
81.5	14.25	14.44	14.39
81.6	14.39	14.47	14.37
81.7	14.3	14.43	14.47
81.8	14.37	14.49	14.65
81.9	14.3	14.34	14.53
82.0	14.35	14.48	14.49
82.1	14.33	14.44	14.34
82.2	14.29	14.46	14.36
82.3	14.29	14.57	14.49
82.4	14.27	14.58	14.53
82.5	14.32	14.54	14.44
82.6	14.33	14.51	14.44
82.7	14.49	14.57	14.52
82.8	14.34	14.44	14.46
82.9	14.26	14.41	14.57
83.0	14.3	14.55	14.51
83.1	14.24	14.59	14.62
83.2	14.24	14.57	14.38
83.3	14.31	14.59	14.68
83.4	14.23	14.63	14.56
83.5	14.29	14.7	14.46
83.6	14.45	14.57	14.39
83.7	14.28	14.51	14.62
83.8	14.39	14.57	14.57
83.9	14.4	14.64	14.59
84.0	14.5	14.45	14.49
84.1	14.43	14.55	14.49
84.2	14.4	14.39	14.47
84.3	14.35	14.59	14.47
84.4	14.47	14.45	14.7
84.5	14.32	14.37	14.62
84.6	14.37	14.52	14.5
84.7	14.43	14.56	14.55
84.8	14.37	14.47	14.48
84.9	14.41	14.44	14.49
85.0	14.39	14.32	14.46
85.1	14.41	14.54	14.54
85.2	14.39	14.47	14.36
85.3	14.33	14.57	14.49
85.4	14.34	14.51	14.42
85.5	14.31	14.57	14.48
85.6	14.43	14.56	14.56
85.7	14.33	14.39	14.53
85.8	14.43	14.4	14.61
85.9	14.38	14.49	14.55
86.0	14.33	14.42	14.55
86.1	14.37	14.62	14.67
86.2	14.38	14.5	14.42
86.3	14.43	14.43	14.46
86.4	14.22	14.43	14.56
86.5	14.36	14.4	14.48
86.6	14.38	14.39	14.58
86.7	14.33	14.55	14.59
86.8	14.21	14.42	14.63
86.9	14.35	14.33	14.51
87.0	14.35	14.39	14.48
87.1	14.49	14.37	14.41
87.2	14.4	14.43	14.58
87.3	14.43	14.42	14.41
87.4	14.38	14.39	14.44
87.5	14.36	14.48	14.39
87.6	14.39	14.45	14.53
87.7	14.41	14.53	14.51
87.8	14.45	14.52	14.54
87.9	14.42	14.51	14.63
88.0	14.34	14.56	14.62
88.1	14.35	14.65	14.55
88.2	14.32	14.51	14.44
88.3	14.38	14.49	14.5
88.4	14.42	14.54	14.48
88.5	14.46	14.47	14.48
88.6	14.34	14.49	14.57
88.7	14.31	14.55	14.52
88.8	14.33	14.66	14.44
88.9	14.4	14.54	14.48
89.0	14.35	14.49	14.49
89.1	14.37	14.55	14.41
89.2	14.5	14.64	14.4
89.3	14.48	14.61	14.57
89.4	14.52	14.63	14.57
89.5	14.39	14.6	14.6
89.6	14.54	14.57	14.6
89.7	14.42	14.47	14.65
89.8	14.32	14.51	14.56
89.9	14.47	14.48	14.53
90.0	14.5	14.45	14.43
90.1	14.51	14.47	14.53
90.2	14.51	14.51	14.57
90.3	14.45	14.56	14.62
90.4	14.41	14.61	14.55
90.5	14.3	14.61	14.66
90.6	14.39	14.54	14.75
90.7	14.35	14.71	14.6
90.8	14.52	14.68	14.58
90.9	14.46	14.51	14.59
91.0	14.49	14.53	14.59
91.1	14.31	14.54	14.44
91.2	14.33	14.53	14.53
91.3	14.37	14.58	14.6
91.4	14.34	14.5	14.55
91.5	14.36	14.51	14.74
91.6	14.49	14.59	14.59
91.7	14.47	14.51	14.56
91.8	14.5	14.54	14.6
91.9	14.34	14.57	14.48
92.0	14.55	14.73	14.59
92.1	14.31	14.58	14.68
92.2	14.34	14.5	14.49
92.3	14.26	14.48	14.54
92.4	14.44	14.56	14.52
92.5	14.42	14.55	14.69
92.6	14.36	14.59	14.65
92.7	14.43	14.64	14.68
92.8	14.44	14.49	14.54
92.9	14.41	14.54	14.78
93.0	14.48	14.61	14.69
93.1	14.4	14.49	14.56
93.2	14.32	14.45	14.53
93.3	14.48	14.55	14.6
93.4	14.42	14.54	14.52
93.5	14.33	14.63	14.58
93.6	14.3	14.58	14.58
93.7	14.3	14.44	14.55
93.8	14.43	14.54	14.48
93.9	14.49	14.43	14.61
94.0	14.57	14.42	14.68
94.1	14.5	14.54	14.61
94.2	14.56	14.53	14.55
94.3	14.38	14.35	14.44
94.4	14.4	14.35	14.61
94.5	14.39	14.44	14.48
94.6	14.38	14.41	14.47
94.7	14.41	14.49	14.55
94.8	14.26	14.27	14.61
94.9	14.51	14.41	14.66
95.0	14.42	14.4	14.74
95.1	14.35	14.39	14.53
95.2	14.38	14.27	14.74
95.3	14.35	14.5	14.49
95.4	14.39	14.33	14.58
95.5	14.32	14.37	14.63
95.6	14.45	14.52	14.48
95.7	14.25	14.51	14.54
95.8	14.31	14.48	14.46
95.9	14.24	14.34	14.55
96.0	14.4	14.45	14.58
96.1	14.34	14.48	14.58
96.2	14.36	14.53	14.55
96.3	14.49	14.53	14.4
96.4	14.46	14.48	14.44
96.5	14.44	14.41	14.51
96.6	14.35	14.59	14.38
96.7	14.4	14.65	14.39
96.8	14.55	14.6	14.39
96.9	14.37	14.49	14.41
97.0	14.42	14.5	14.38
97.1	14.43	14.61	14.51
97.2	14.49	14.66	14.42
97.3	14.47	14.64	14.52
97.4	14.33	14.52	14.55
97.5	14.38	14.53	14.49
97.6	14.44	14.61	14.55
97.7	14.43	14.68	14.45
97.8	14.34	14.66	14.47
97.9	14.31	14.46	14.52
98.0	14.36	14.48	14.41
98.1	14.43	14.59	14.45
98.2	14.36	14.41	14.38
98.3	14.25	14.56	14.38
98.4	14.28	14.5	14.43
98.5	14.29	14.48	14.46
98.6	14.3	14.36	14.45
98.7	14.3	14.42	14.6
98.8	14.37	14.41	14.4
98.9	14.29	14.51	14.53
99.0	14.38	14.39	14.43
99.1	14.3	14.54	14.44
99.2	14.36	14.46	14.45
99.3	14.42	14.47	14.32
99.4	14.48	14.58	14.53
99.5	14.39	14.48	14.46
99.6	14.41	14.56	14.37
99.7	14.36	14.52	14.36
99.8	14.28	14.61	14.45
99.9	14.39	14.46	14.32
100.0	14.29	14.52	14.29
