UnP_seq	PDB_seq	PDB_num	CIF_num	UnP_num	gap	hetatm	corrected	no_fullbb	no_ca
D	D	185	1	1	0	0	0	0	0
I	I	186	2	2	0	0	0	0	0
L	L	187	3	3	0	0	0	0	0
T	T	188	4	4	0	0	0	0	0
V	V	189	5	5	0	0	0	0	0
E	E	190	6	6	0	0	0	0	0
K	K	191	7	7	0	0	0	0	0
L	L	192	8	8	0	0	0	0	0
Y	Y	193	9	9	0	0	0	0	0
R	R	194	10	10	0	0	0	0	0
P	P	195	11	11	0	0	0	0	0
S	S	196	12	12	0	0	0	0	0
H	H	197	13	13	0	0	0	0	0
E	E	198	14	14	0	0	0	0	0
Y	Y	199	15	15	0	0	0	0	0
G	G	200	16	16	0	0	0	0	0
F	F	201	17	17	0	0	0	0	0
L	L	202	18	18	0	0	0	0	0
R	R	203	19	19	0	0	0	0	0
E	E	204	20	20	0	0	0	0	0
T	T	205	21	21	0	0	0	0	0
D	D	206	22	22	0	0	0	0	0
T	T	207	23	23	0	0	0	0	0
V	V	208	24	24	0	0	0	0	0
K	K	209	25	25	0	0	0	0	0
D	D	210	26	26	0	0	0	0	0
Y	Y	211	27	27	0	0	0	0	0
L	L	212	28	28	0	0	0	0	0
D	D	213	29	29	0	0	0	0	0
L	L	214	30	30	0	0	0	0	0
V	V	215	31	31	0	0	0	0	0
R	R	216	32	32	0	0	0	0	0
K	K	217	33	33	0	0	0	0	0
N	N	218	34	34	0	0	0	0	0
R	R	219	35	35	0	0	0	0	0
S	S	220	36	36	0	0	0	0	0
S	S	221	37	37	0	0	0	0	0
R	R	222	38	38	0	0	0	0	0
F	F	223	39	39	0	0	0	0	0
P	P	224	40	40	0	0	0	0	0
V	V	225	41	41	0	0	0	0	0
I	I	226	42	42	0	0	0	0	0
N	N	227	43	43	0	0	0	0	0
Q	Q	228	44	44	0	0	0	0	0
H	H	229	45	45	0	0	0	0	0
Q	Q	230	46	46	0	0	0	0	0
V	V	231	47	47	0	0	0	0	0
V	V	232	48	48	0	0	0	0	0
V	V	233	49	49	0	0	0	0	0
G	G	234	50	50	0	0	0	0	0
V	V	235	51	51	0	0	0	0	0
V	V	236	52	52	0	0	0	0	0
T	T	237	53	53	0	0	0	0	0
M	M	238	54	54	0	1	1	0	0
R	R	239	55	55	0	0	0	0	0
D	D	240	56	56	0	0	0	0	0
A	A	241	57	57	0	0	0	0	0
G	G	242	58	58	0	0	0	0	0
D	D	243	59	59	0	0	0	0	0
K	K	244	60	60	0	0	0	0	0
S	S	245	61	61	0	0	0	0	0
P	P	246	62	62	0	0	0	0	0
S	S	247	63	63	0	0	0	0	0
T	T	248	64	64	0	0	0	0	0
T	T	249	65	65	0	0	0	0	0
I	I	250	66	66	0	0	0	0	0
D	D	251	67	67	0	0	0	0	0
K	K	252	68	68	0	0	0	0	0
V	V	253	69	69	0	0	0	0	0
M	M	254	70	70	0	1	1	0	0
S	S	255	71	71	0	0	0	0	0
R	R	256	72	72	0	0	0	0	0
S	S	257	73	73	0	0	0	0	0
L	L	258	74	74	0	0	0	0	0
F	F	259	75	75	0	0	0	0	0
L	L	260	76	76	0	0	0	0	0
V	V	261	77	77	0	0	0	0	0
G	G	262	78	78	0	0	0	0	0
L	L	263	79	79	0	0	0	0	0
S	S	264	80	80	0	0	0	0	0
T	T	265	81	81	0	0	0	0	0
N	N	266	82	82	0	0	0	0	0
I	I	267	83	83	0	0	0	0	0
A	A	268	84	84	0	0	0	0	0
N	N	269	85	85	0	0	0	0	0
V	V	270	86	86	0	0	0	0	0
S	S	271	87	87	0	0	0	0	0
Q	Q	272	88	88	0	0	0	0	0
R	R	273	89	89	0	0	0	0	0
M	M	274	90	90	0	1	1	0	0
I	I	275	91	91	0	0	0	0	0
A	A	276	92	92	0	0	0	0	0
E	E	277	93	93	0	0	0	0	0
D	D	278	94	94	0	0	0	0	0
F	F	279	95	95	0	0	0	0	0
E	E	280	96	96	0	0	0	0	0
M	M	281	97	97	0	1	1	0	0
V	V	282	98	98	0	0	0	0	0
P	P	283	99	99	0	0	0	0	0
V	V	284	100	100	0	0	0	0	0
V	V	285	101	101	0	0	0	0	0
R	R	286	102	102	0	0	0	0	0
S	S	287	103	103	0	0	0	0	0
N	N	288	104	104	0	0	0	0	0
Q	Q	289	105	105	0	0	0	0	0
T	T	290	106	106	0	0	0	0	0
L	L	291	107	107	0	0	0	0	0
L	L	292	108	108	0	0	0	0	0
G	G	293	109	109	0	0	0	0	0
V	V	294	110	110	0	0	0	0	0
V	V	295	111	111	0	0	0	0	0
T	T	296	112	112	0	0	0	0	0
R	R	297	113	113	0	0	0	0	0
R	R	298	114	114	0	0	0	0	0
D	D	299	115	115	0	0	0	0	0
V	V	300	116	116	0	0	0	0	0
M	M	301	117	117	0	1	1	0	0
E	E	302	118	118	0	0	0	0	0
K	K	303	119	119	0	0	0	0	0
