seq	Neq_R1	Neq_R2	Neq_R3
D	1.0	1.0	1.0
I	1.0	1.0	1.0
L	1.474	1.444	1.337
T	1.001	1.0	1.0
V	1.0	1.0	1.0
E	1.0	1.0	1.0
K	1.088	1.031	1.06
L	3.23	3.909	3.582
Y	1.143	1.153	1.183
R	1.045	1.012	1.018
P	1.0	1.0	1.0
S	1.0	1.0	1.0
H	1.0	1.0	1.0
E	5.725	1.0	1.0
Y	2.84	1.0	1.001
G	1.891	1.0	1.0
F	2.379	1.969	1.993
L	1.0	1.0	1.0
R	1.0	1.0	1.0
E	1.0	1.0	1.0
T	1.992	1.984	1.98
D	1.001	1.003	1.004
T	1.0	1.0	1.0
V	1.0	1.0	1.0
K	1.0	1.0	1.0
D	1.0	1.0	1.0
Y	1.0	1.0	1.0
L	1.0	1.0	1.0
D	1.0	1.0	1.0
L	1.0	1.0	1.0
V	1.002	1.0	1.0
R	1.005	1.0	1.0
K	2.514	1.0	1.005
N	2.699	1.002	1.107
R	2.021	1.0	1.019
S	2.25	1.036	1.193
S	1.483	1.117	1.14
R	1.008	1.069	1.064
F	1.0	1.0	1.0
P	1.003	1.007	1.0
V	1.0	1.0	1.0
I	1.0	1.0	1.0
N	1.0	1.0	1.0
Q	1.221	1.311	1.22
H	1.008	1.008	1.009
Q	1.0	1.0	1.0
V	1.0	1.0	1.0
V	1.1	1.091	1.097
V	1.0	1.0	1.0
G	1.089	1.085	1.113
V	1.0	1.0	1.0
V	1.0	1.0	1.0
T	1.0	1.0	1.0
M	1.0	1.0	1.0
R	1.0	1.0	1.0
D	1.008	1.038	1.048
A	1.0	1.002	1.006
G	1.0	1.001	1.005
D	2.751	3.028	2.807
K	1.09	1.09	1.106
S	1.016	1.021	1.015
P	1.01	1.005	1.011
S	1.973	2.0	1.991
T	1.058	1.069	1.043
T	1.022	1.011	1.037
I	1.0	1.0	1.0
D	1.0	1.0	1.0
K	1.001	1.0	1.0
V	3.444	3.865	3.347
M	1.111	1.029	1.156
S	1.002	2.251	1.0
R	1.043	2.421	1.029
S	1.011	2.641	1.158
L	1.008	2.534	1.157
F	1.427	1.634	1.807
L	1.002	2.203	1.155
V	1.005	1.004	1.008
G	1.0	1.0	1.0
L	1.001	1.022	1.015
S	1.226	1.222	1.379
T	1.058	1.061	1.036
N	1.001	1.003	1.001
I	1.0	1.0	1.0
A	1.0	1.0	1.0
N	1.0	1.0	1.0
V	1.0	1.0	1.0
S	1.0	1.0	1.0
Q	1.0	1.0	1.0
R	1.0	1.0	1.0
M	1.0	1.0	1.0
I	1.0	1.0	1.0
A	1.0	1.0	1.0
E	1.0	1.0	1.0
D	1.0	1.0	1.0
F	1.002	1.003	1.009
E	1.001	1.0	1.001
M	1.161	1.495	1.68
V	1.0	1.0	1.0
P	1.0	1.0	1.0
V	1.0	1.0	1.0
V	1.0	1.001	1.001
R	1.001	1.005	1.002
S	1.1	1.094	1.096
N	1.12	1.113	1.117
Q	1.0	1.0	1.0
T	1.0	1.0	1.0
L	1.034	1.029	1.05
L	1.0	1.0	1.0
G	1.156	1.106	1.118
V	1.011	1.021	1.026
V	1.0	1.0	1.0
T	1.0	1.0	1.0
R	1.0	1.0	1.0
R	1.0	1.0	1.0
D	1.01	1.0	1.036
V	1.644	1.272	2.987
M	1.887	2.969	3.43
E	1.0	1.0	1.0
K	1.0	1.0	1.0
