seq	pLDDT
D	72.86
I	86.62
L	94.48
T	97.51
V	97.97
E	97.66
K	96.45
L	96.33
Y	97.97
R	98.06
P	98.38
S	98.13
H	95.58
E	96.0
Y	98.23
G	98.29
F	98.8
L	98.86
R	98.86
E	98.2
T	98.64
D	98.85
T	98.88
V	98.87
K	98.78
D	98.84
Y	98.78
L	98.45
D	98.47
L	98.3
V	97.82
R	96.78
K	97.09
N	95.56
R	92.29
S	95.54
S	96.38
R	97.72
F	98.66
P	98.78
V	98.92
I	98.87
N	98.69
Q	98.29
H	98.42
Q	98.56
V	98.74
V	98.84
V	98.66
G	98.59
V	98.48
V	98.49
T	97.87
M	96.44
R	95.79
D	96.12
A	96.92
G	92.12
D	94.83
K	98.24
S	98.61
P	98.63
S	98.71
T	98.81
T	98.84
I	98.79
D	98.61
K	98.63
V	98.51
M	98.41
S	97.44
R	96.91
S	91.48
L	90.43
F	95.59
L	98.34
V	98.55
G	98.65
L	98.46
S	97.72
T	97.87
N	97.0
I	96.45
A	95.17
N	94.4
V	96.13
S	95.67
Q	94.89
R	94.64
M	95.37
I	94.3
A	95.19
E	92.22
D	92.57
F	95.2
E	95.88
M	97.44
V	98.2
P	98.8
V	98.85
V	98.86
R	98.69
S	97.84
N	97.84
Q	98.31
T	98.76
L	98.88
L	98.85
G	98.76
V	98.69
V	98.19
T	97.35
R	95.54
R	93.94
D	92.23
V	93.07
M	87.47
E	81.37
K	62.23
