epoch,reward_mean,reward_std,reward_max,scaled_reward_mean,reward_p95,top_reward_seen,unique_smiles_generated,diversity_bonus_mean,temperature
1,0.6457582116127014,0.44327041506767273,2.5259838104248047,6.457582950592041,1.2629919052124023,2.5259838104248047,64,0.5,3.929751181602479
2,0.7642285227775574,0.4292222261428833,2.5004656314849854,7.642285346984863,1.2629919052124023,2.5259838104248047,128,0.5,3.326247000694274
3,0.7297025918960571,0.45840194821357727,2.5004656314849854,7.297025680541992,1.3468074798583984,2.5259838104248047,192,0.5,3.6255449831485747
4,0.7462210059165955,0.5375155210494995,2.5259838104248047,7.462210178375244,2.324143886566162,2.5259838104248047,256,0.5,3.6474172651767724
5,0.725094199180603,0.5444139838218689,2.5259838104248047,7.250942230224609,1.67698335647583,2.5259838104248047,319,0.49771177768707275,3.63606241941452
6,0.7139469981193542,0.5055306553840637,2.5259838104248047,7.139469146728516,1.4139713048934937,2.5259838104248047,383,0.5,3.7588698267936698
7,0.7435904145240784,0.5409272313117981,2.5579915046691895,7.435903549194336,2.375441074371338,2.5579915046691895,447,0.5,3.676941287517548
8,0.7152859568595886,0.4346645772457123,2.536757707595825,7.152859210968018,1.2629919052124023,2.5579915046691895,510,0.49771177768707275,3.834702831506729
9,0.6482532620429993,0.38422295451164246,2.5259838104248047,6.482532978057861,1.2629919052124023,2.5579915046691895,572,0.4954235553741455,3.738877564668655
10,0.6692732572555542,0.32594946026802063,1.3502763509750366,6.692731857299805,1.2556554079055786,2.5579915046691895,636,0.5,0.5985006213188171
11,0.6803639531135559,0.37828370928764343,2.5259838104248047,6.8036394119262695,1.2629919052124023,2.5579915046691895,699,0.49771177768707275,3.681038188934326
12,0.7210856676101685,0.5696510672569275,2.5259838104248047,7.210857391357422,2.3542919158935547,2.5579915046691895,762,0.49771177768707275,3.6536278545856478
13,0.6616188287734985,0.4105297029018402,2.5259838104248047,6.6161885261535645,1.2556554079055786,2.5579915046691895,825,0.49771177768707275,3.667326498031617
14,0.6879964470863342,0.3885817229747772,2.5259838104248047,6.879965305328369,1.2629919052124023,2.5579915046691895,889,0.5,3.6387739181518555
15,0.6925260424613953,0.3744846284389496,1.6754831075668335,6.925260543823242,1.2629919052124023,2.5579915046691895,953,0.5,1.6772263884544376
16,0.7799717783927917,0.556232213973999,2.5579915046691895,7.799718379974365,2.324143886566162,2.5579915046691895,1017,0.5,3.582668668031692
17,0.7348548173904419,0.4784628450870514,2.5259838104248047,7.348548889160156,1.2629919052124023,2.5579915046691895,1080,0.49771177768707275,3.8083896696567536
18,0.792423665523529,0.5939640402793884,2.5259838104248047,7.924235820770264,2.5190274715423584,2.5579915046691895,1142,0.4954235553741455,3.3189653337001794
19,0.7921355962753296,0.5596994161605835,2.5259838104248047,7.921356201171875,2.375441074371338,2.5579915046691895,1206,0.5,3.452286618947982
20,0.8011731505393982,0.5482683777809143,2.6500000953674316,8.011731147766113,2.3172433376312256,2.6500000953674316,1269,0.49771177768707275,3.6502983808517455
21,0.714807391166687,0.37668415904045105,2.5004656314849854,7.148074150085449,1.2629919052124023,2.6500000953674316,1331,0.4954235553741455,3.5335532963275904
22,0.6962383985519409,0.45462995767593384,2.5259838104248047,6.96238374710083,1.2629919052124023,2.6500000953674316,1393,0.4954235553741455,3.789417481422424
23,0.8124641180038452,0.5357603430747986,2.5259838104248047,8.124639511108398,2.3555781841278076,2.6500000953674316,1457,0.5,3.4286054849624628
24,0.763197660446167,0.5543922781944275,2.5259838104248047,7.63197660446167,2.3674235343933105,2.6500000953674316,1521,0.5,3.5432795822620387
25,0.6895634531974792,0.5117670893669128,2.5259838104248047,6.895634174346924,1.6301403045654297,2.6500000953674316,1582,0.49313533306121826,3.798397690057754
26,0.7927995324134827,0.6319139003753662,2.5259838104248047,7.927995681762695,2.5004656314849854,2.6500000953674316,1645,0.49771177768707275,3.0339388966560357
27,0.6666269898414612,0.4540584981441498,2.5259838104248047,6.666269302368164,1.2629919052124023,2.6500000953674316,1708,0.49771177768707275,3.8649112522602085
28,0.60831618309021,0.399812251329422,2.5259838104248047,6.083161354064941,1.2629919052124023,2.6500000953674316,1772,0.5,3.7929984152317044
29,0.7484473586082458,0.5558582544326782,2.6500000953674316,7.484472751617432,2.3527328968048096,2.6500000953674316,1836,0.5,3.7360094964504245
30,0.6397011280059814,0.29938289523124695,1.4617669582366943,6.3970112800598145,1.2629919052124023,2.6500000953674316,1899,0.49771177768707275,1.26860613822937
31,0.7313723564147949,0.4949399530887604,2.5259838104248047,7.313723564147949,1.2629919052124023,2.6500000953674316,1958,0.48855888843536377,3.77016299366951
32,0.6970977187156677,0.4176127016544342,2.5004656314849854,6.970977306365967,1.2620350122451782,2.6500000953674316,2021,0.49771177768707275,3.497099888324737
33,0.7260094881057739,0.5044528245925903,2.5259838104248047,7.26009464263916,1.3375061750411987,2.6500000953674316,2081,0.48983338475227356,3.7095219731330875
34,0.6383358836174011,0.4462483525276184,2.5259838104248047,6.383358955383301,1.2629919052124023,2.6500000953674316,2145,0.5,3.9565482854843137
35,0.7663496136665344,0.5095361471176147,2.5259838104248047,7.663496017456055,1.7106208801269531,2.6500000953674316,2205,0.49084708094596863,3.5748473107814784
36,0.644864022731781,0.34474635124206543,2.5004656314849854,6.4486403465271,1.2236125469207764,2.6500000953674316,2268,0.49771177768707275,3.755182141065597
37,0.6796360611915588,0.3977821469306946,2.5259838104248047,6.796361446380615,1.2629919052124023,2.6500000953674316,2332,0.5,3.643912243843078
38,0.6815547347068787,0.49909186363220215,2.5259838104248047,6.815548419952393,1.3290225267410278,2.6500000953674316,2394,0.49440982937812805,3.9249378561973574
39,0.7436861395835876,0.4852377772331238,2.5259838104248047,7.436861515045166,1.2657124996185303,2.6500000953674316,2458,0.5,3.629220807552338
40,0.7509164214134216,0.5145090222358704,2.5270025730133057,7.5091633796691895,1.3584953546524048,2.6500000953674316,2520,0.4954235553741455,3.6714115381240844
41,0.7432593703269958,0.5200464725494385,2.5259838104248047,7.432593822479248,1.6827133893966675,2.6500000953674316,2582,0.4954235553741455,3.632564514875412
42,0.7739317417144775,0.5502522587776184,2.5259838104248047,7.739317417144775,2.375441074371338,2.6500000953674316,2646,0.5,3.5299759209156036
43,0.672427237033844,0.43034371733665466,2.5259838104248047,6.72427225112915,1.2620350122451782,2.6500000953674316,2708,0.4954235553741455,3.856770825386047
44,0.7283968925476074,0.46654725074768066,2.5259838104248047,7.283968925476074,1.2629919052124023,2.6500000953674316,2771,0.49771177768707275,3.6734896421432497
45,0.6700904369354248,0.3882457911968231,2.5004656314849854,6.700904369354248,1.2629919052124023,2.6500000953674316,2833,0.4954235553741455,3.6262495458126067
46,0.6642768383026123,0.3560039699077606,1.8508111238479614,6.642768859863281,1.2610780000686646,2.6500000953674316,2894,0.4931353032588959,2.171950364112854
47,0.8117902278900146,0.6292405724525452,2.5259838104248047,8.117902755737305,2.522156000137329,2.6500000953674316,2953,0.48855888843536377,3.0025917887687683
48,0.7311530113220215,0.4278477132320404,2.5004656314849854,7.311530113220215,1.2610780000686646,2.6500000953674316,3014,0.49313533306121826,3.724742424488068
49,0.8448266386985779,0.6158713698387146,2.5259838104248047,8.448265075683594,2.5004656314849854,2.6500000953674316,3074,0.490847110748291,2.9507222175598145
50,0.664835512638092,0.4410356879234314,2.6500000953674316,6.648355484008789,1.2620350122451782,2.6500000953674316,3133,0.4885588586330414,4.089870756864547
51,0.7840594053268433,0.5103720426559448,2.5259838104248047,7.8405938148498535,1.47568941116333,2.6500000953674316,3195,0.4954235553741455,3.615989500284195
52,0.7240247130393982,0.43237918615341187,2.5259838104248047,7.240246295928955,1.2634248733520508,2.6500000953674316,3256,0.49313533306121826,3.7917055308818814
53,0.7017441391944885,0.3357040286064148,1.6754831075668335,7.017442226409912,1.2629919052124023,2.6500000953674316,3318,0.4954235553741455,1.5695208191871644
54,0.6107441186904907,0.3779735863208771,2.5004656314849854,6.107440948486328,1.2610780000686646,2.6500000953674316,3378,0.490847110748291,3.774283617734909
55,0.6561815142631531,0.4173603951931,2.5004656314849854,6.561814308166504,1.2629919052124023,2.6500000953674316,3440,0.4954235553741455,3.5956651210784907
56,0.6750196814537048,0.38419613242149353,2.5132246017456055,6.75019645690918,1.276595115661621,2.6500000953674316,3501,0.49313533306121826,3.645247828960419
57,0.8185721039772034,0.6440868973731995,2.5259838104248047,8.185721397399902,2.522156000137329,2.6500000953674316,3564,0.49771177768707275,2.7813721597194676
58,0.722483217716217,0.5396785140037537,2.5259838104248047,7.224832534790039,2.314842700958252,2.6500000953674316,3624,0.490847110748291,3.753555953502655
59,0.75343918800354,0.5074072480201721,2.541987657546997,7.534392356872559,1.6136088371276855,2.6500000953674316,3683,0.4885588586330414,3.660419648885727
60,0.7450766563415527,0.49560531973838806,2.5259838104248047,7.450765609741211,1.2675708532333374,2.6500000953674316,3742,0.48855888843536377,3.7434085905551906
61,0.7420775294303894,0.5159934759140015,2.5259838104248047,7.420775413513184,1.4831414222717285,2.6500000953674316,3799,0.4839824140071869,3.694515025615692
62,0.7043508887290955,0.4300571084022522,2.6500000953674316,7.043508529663086,1.2629919052124023,2.6500000953674316,3858,0.4875451326370239,3.8198738038539886
63,0.7244349718093872,0.5975357294082642,2.5259838104248047,7.244349956512451,2.4973371028900146,2.6500000953674316,3920,0.4954235553741455,3.456231695413589
64,0.6689685583114624,0.40460339188575745,2.5004656314849854,6.689685821533203,1.3266608715057373,2.6500000953674316,3982,0.4954235553741455,3.59223363995552
65,0.6744579672813416,0.4174656271934509,2.5259838104248047,6.744579792022705,1.2629919052124023,2.6500000953674316,4045,0.49771177768707275,3.610885572433471
66,0.6927808523178101,0.47299444675445557,2.6500000953674316,6.92780876159668,1.2629919052124023,2.6500000953674316,4103,0.48627063632011414,3.934598904848099
67,0.7207772731781006,0.4774942696094513,2.5259838104248047,7.207773208618164,1.2629919052124023,2.6500000953674316,4164,0.4921216070652008,3.675719571113586
68,0.704288899898529,0.45274826884269714,2.5259838104248047,7.042888641357422,1.2629919052124023,2.6500000953674316,4224,0.49084708094596863,3.7717120826244352
69,0.7317854166030884,0.443603515625,2.5259838104248047,7.317854404449463,1.3156987428665161,2.6500000953674316,4282,0.48627063632011414,3.7168570160865793
70,0.5444866418838501,0.33788514137268066,2.5004656314849854,5.444865703582764,1.1143078804016113,2.6500000953674316,4341,0.48855888843536377,3.985366559028625
71,0.6674455404281616,0.4084443151950836,2.5259838104248047,6.674454689025879,1.3240431547164917,2.6500000953674316,4403,0.4954235553741455,3.94803541302681
72,0.7872297167778015,0.527713418006897,2.5004656314849854,7.872296333312988,1.6386497020721436,2.6500000953674316,4463,0.49084708094596863,3.4602562427520756
73,0.6554307341575623,0.3783637285232544,2.5004656314849854,6.554307460784912,1.2629919052124023,2.6500000953674316,4518,0.47940593957901,3.6686098933219915
74,0.7381103038787842,0.4830176830291748,2.5259838104248047,7.381102561950684,1.2896381616592407,2.6500000953674316,4573,0.47839224338531494,3.620562040805816
75,0.7108399868011475,0.48469945788383484,2.5579915046691895,7.108399868011475,1.2634248733520508,2.6500000953674316,4632,0.48855888843536377,3.7417824029922477
76,0.7946743369102478,0.44959643483161926,2.5270025730133057,7.946743965148926,1.3584953546524048,2.6500000953674316,4690,0.4862706661224365,3.5753893733024595
77,0.68294757604599,0.39361771941185,2.5259838104248047,6.8294758796691895,1.2629919052124023,2.6500000953674316,4752,0.4954235553741455,3.6465656220912925
78,0.7516487836837769,0.47227200865745544,2.5259838104248047,7.516488075256348,1.276595115661621,2.6500000953674316,4815,0.49771177768707275,3.6218845784664153
79,0.7219526171684265,0.4447953999042511,2.6500000953674316,7.219525337219238,1.2629919052124023,2.6500000953674316,4873,0.48627063632011414,3.927004098892212
80,0.7542819380760193,0.5471136569976807,2.5579915046691895,7.542819499969482,2.2805376052856445,2.6500000953674316,4929,0.4806804656982422,3.6461326837539674
81,0.6545095443725586,0.32375508546829224,1.6839892864227295,6.545095920562744,1.2629919052124023,2.6500000953674316,4991,0.4954235553741455,1.7776740133762359
82,0.7317519783973694,0.4500137269496918,2.5004656314849854,7.317519664764404,1.3971176147460938,2.6500000953674316,5051,0.49084708094596863,3.661533427238464
83,0.7855441570281982,0.5418649315834045,2.5259838104248047,7.855441570281982,2.314842700958252,2.6500000953674316,5110,0.4885588586330414,3.5689166486263266
84,0.7808325290679932,0.5519025325775146,2.5259838104248047,7.808325290679932,2.3512017726898193,2.6500000953674316,5168,0.48627063632011414,3.5511317789554595
85,0.7870160341262817,0.5767278671264648,2.5579915046691895,7.870160102844238,2.522156000137329,2.6500000953674316,5229,0.4931353032588959,3.4552970230579376
86,0.6843119859695435,0.35618165135383606,1.6754831075668335,6.8431196212768555,1.2620350122451782,2.6500000953674316,5290,0.4921216070652008,1.614509636163712
87,0.7374018430709839,0.5113782286643982,2.6500000953674316,7.37401819229126,1.402080774307251,2.6500000953674316,5347,0.481954962015152,3.8638710141181942
88,0.7587658166885376,0.4431227445602417,2.5004656314849854,7.587657928466797,1.2629919052124023,2.6500000953674316,5406,0.48855888843536377,3.6216770052909846
89,0.6928201913833618,0.4770987629890442,2.5259838104248047,6.928201675415039,1.2629919052124023,2.6500000953674316,5464,0.48627063632011414,3.9457200825214387
90,0.7914037108421326,0.5557054877281189,2.6500000953674316,7.914037227630615,2.3328282833099365,2.6500000953674316,5525,0.49313533306121826,3.6340922534465787
91,0.6381098628044128,0.4035336673259735,2.5004656314849854,6.381098747253418,1.2610780000686646,2.6500000953674316,5585,0.49084708094596863,3.664743101596833
92,0.8060410022735596,0.5689096450805664,2.5259838104248047,8.060409545898438,2.5004656314849854,2.6500000953674316,5648,0.49771177768707275,3.3734823524951927
93,0.6785300374031067,0.4396073520183563,2.6500000953674316,6.785299777984619,1.2629919052124023,2.6500000953674316,5704,0.4806804656982422,4.051438879966737
94,0.6524056196212769,0.31961876153945923,1.8944878578186035,6.524056434631348,1.2620350122451782,2.6500000953674316,5764,0.48983338475227356,2.346251338720321
95,0.7089184522628784,0.35823407769203186,2.5259838104248047,7.089184284210205,1.2556554079055786,2.6500000953674316,5820,0.48169419169425964,3.642832863330841
96,0.741297721862793,0.5127784609794617,2.6500000953674316,7.412978172302246,1.666977047920227,2.6500000953674316,5880,0.490847110748291,3.8384272873401635
97,0.8309300541877747,0.597700834274292,2.5259838104248047,8.309300422668457,2.522156000137329,2.6500000953674316,5941,0.4931353032588959,3.070041209459305
98,0.6957458853721619,0.4395827651023865,2.5004656314849854,6.957458972930908,1.2634248733520508,2.6500000953674316,6003,0.4954235553741455,3.750058048963546
99,0.7392351627349854,0.5154443979263306,2.5259838104248047,7.392350673675537,1.6146682500839233,2.6500000953674316,6059,0.48169419169425964,3.681607532501221
100,0.7313282489776611,0.41893714666366577,2.5004656314849854,7.313282489776611,1.2629919052124023,2.6500000953674316,6118,0.4885588586330414,3.710403269529343
101,0.6834494471549988,0.5121115446090698,2.5270025730133057,6.834494590759277,1.2629919052124023,2.6500000953674316,6178,0.490847110748291,3.883301049470902
102,0.7121052742004395,0.3796108365058899,2.5579915046691895,7.1210527420043945,1.2620350122451782,2.6500000953674316,6235,0.481954962015152,3.6711814284324644
103,0.8456606864929199,0.6141189336776733,2.5259838104248047,8.4566068649292,2.5004656314849854,2.6500000953674316,6291,0.48169419169425964,2.936485069990158
104,0.7768969535827637,0.500387966632843,2.5004656314849854,7.768969535827637,1.514278531074524,2.6500000953674316,6350,0.4885588586330414,3.584023231267928
105,0.6825850009918213,0.4458501935005188,2.5259838104248047,6.825849533081055,1.3156987428665161,2.6500000953674316,6412,0.4954235553741455,3.827959668636322
106,0.6757674217224121,0.44693973660469055,2.5579915046691895,6.757673740386963,1.2629919052124023,2.6500000953674316,6473,0.49313533306121826,3.8943688511848453
107,0.6750919818878174,0.4827369153499603,2.5259838104248047,6.750920295715332,1.4629302024841309,2.6500000953674316,6529,0.48169416189193726,3.948700833320618
108,0.7031669020652771,0.4940279722213745,2.5259838104248047,7.031669616699219,1.6229101419448853,2.6500000953674316,6589,0.48983338475227356,3.786991840600967
109,0.7390257120132446,0.35016682744026184,1.3250000476837158,7.390256881713867,1.2629919052124023,2.6500000953674316,6648,0.4885588586330414,0.329478669166565
110,0.6658923625946045,0.4252948462963104,2.5259838104248047,6.658923149108887,1.2629919052124023,2.6500000953674316,6707,0.4885588586330414,3.959425842761994
111,0.7105801105499268,0.333675742149353,1.3506559133529663,7.105801582336426,1.2502328157424927,2.6500000953674316,6762,0.47839224338531494,0.5119770050048829
112,0.7947778701782227,0.5481342077255249,2.5259838104248047,7.947778701782227,2.3741977214813232,2.6500000953674316,6822,0.490847110748291,3.5066992580890655
113,0.7347099781036377,0.4959116280078888,2.5259838104248047,7.3470988273620605,1.6386497020721436,2.6500000953674316,6877,0.4794059693813324,3.745677661895752
114,0.7313645482063293,0.5089080929756165,2.6500000953674316,7.313644886016846,1.2629919052124023,2.6500000953674316,6936,0.4885588586330414,3.902999150753021
115,0.7590866684913635,0.4679253399372101,2.5004656314849854,7.590867042541504,1.4801844358444214,2.6500000953674316,6995,0.48855888843536377,3.5176852166652677
116,0.7815839052200317,0.4406370520591736,2.5004656314849854,7.815838813781738,1.6492302417755127,2.6500000953674316,7049,0.47711771726608276,3.2461925506591793
117,0.7180314660072327,0.39416471123695374,2.5259838104248047,7.180315017700195,1.2556554079055786,2.6500000953674316,7108,0.4875451326370239,3.560541367530822
118,0.7984669208526611,0.5629624128341675,2.5259838104248047,7.9846696853637695,2.377992868423462,2.6500000953674316,7168,0.490847110748291,3.436707955598831
119,0.7557384371757507,0.4016559422016144,2.5259838104248047,7.557384967803955,1.2629919052124023,2.6500000953674316,7228,0.48983335494995117,3.4774231374263764
120,0.72559654712677,0.3819800913333893,2.5259838104248047,7.255965232849121,1.2629919052124023,2.6500000953674316,7283,0.47940593957901,3.5610454738140103
121,0.7121612429618835,0.49027422070503235,2.5259838104248047,7.121612548828125,1.4870095252990723,2.6500000953674316,7342,0.4875451326370239,3.645143449306487
122,0.6649702191352844,0.3626917898654938,2.5004656314849854,6.649702072143555,1.2479372024536133,2.6500000953674316,7399,0.4839823842048645,3.676969754695892
123,0.6437364816665649,0.43414250016212463,2.5004656314849854,6.437365531921387,1.2629919052124023,2.6500000953674316,7459,0.490847110748291,3.595216763019561
124,0.6760854125022888,0.45615729689598083,2.5259838104248047,6.760854244232178,1.2556554079055786,2.6500000953674316,7512,0.4728020429611206,3.865013259649277
125,0.6898061037063599,0.36879101395606995,2.5259838104248047,6.898062229156494,1.2629919052124023,2.6500000953674316,7567,0.47940593957901,3.671725863218308
126,0.5678460597991943,0.3410401940345764,2.5259838104248047,5.678459644317627,1.0005111694335938,2.6500000953674316,7626,0.4875451326370239,3.992476236820221
127,0.694250762462616,0.2935272753238678,1.5004655122756958,6.942507743835449,1.2629919052124023,2.6500000953674316,7683,0.48296868801116943,1.2178622066974638
128,0.6619295477867126,0.4281247854232788,2.5004656314849854,6.619295120239258,1.2452161312103271,2.6500000953674316,7740,0.48296868801116943,3.892077243328094
129,0.6062932014465332,0.33847519755363464,2.5259838104248047,6.06293249130249,1.2358067035675049,2.6500000953674316,7799,0.4885588586330414,3.904122418165207
130,0.6626160144805908,0.39463678002357483,2.6500000953674316,6.626160621643066,1.2629919052124023,2.6500000953674316,7858,0.4885588586330414,3.9829468488693243
131,0.6765159368515015,0.43501603603363037,2.5259838104248047,6.765159606933594,1.2629919052124023,2.6500000953674316,7915,0.4839823842048645,3.8782374501228327
132,0.7301554083824158,0.5762292146682739,2.5259838104248047,7.301553249359131,2.522156000137329,2.6500000953674316,7973,0.48627060651779175,3.605965495109557
133,0.596644937992096,0.3529606759548187,1.666977047920227,5.966448783874512,1.2629919052124023,2.6500000953674316,8031,0.48525694012641907,1.8632155120372769
134,0.7401778101921082,0.47422072291374207,2.536757707595825,7.401777267456055,1.2629919052124023,2.6500000953674316,8090,0.48855888843536377,3.648166900873184
135,0.6898097991943359,0.28911927342414856,1.2629919052124023,6.898097991943359,1.2629919052124023,2.6500000953674316,8147,0.48296868801116943,0.13726709485054014
136,0.7169800996780396,0.5514093041419983,2.5259838104248047,7.169801235198975,2.377992868423462,2.6500000953674316,8202,0.4794059693813324,3.673437452316284
137,0.7913532257080078,0.5959606170654297,2.6500000953674316,7.913532733917236,2.5004656314849854,2.6500000953674316,8258,0.47906243801116943,3.42332956790924
138,0.6426079869270325,0.40135398507118225,2.5004656314849854,6.426079750061035,1.2629919052124023,2.6500000953674316,8315,0.4839823842048645,3.661564266681671
139,0.8457117080688477,0.6639400124549866,2.5579915046691895,8.457117080688477,2.5259838104248047,2.6500000953674316,8372,0.4839823842048645,2.3259957551956174
140,0.7187622785568237,0.4240935742855072,2.5259838104248047,7.187623023986816,1.2629919052124023,2.6500000953674316,8429,0.4839824140071869,3.826221984624863
141,0.6969437003135681,0.42117583751678467,2.5259838104248047,6.9694366455078125,1.3565815687179565,2.6500000953674316,8484,0.4773785173892975,3.8831859946250917
142,0.7842581272125244,0.5362895727157593,2.5259838104248047,7.842581748962402,2.3473355770111084,2.6500000953674316,8540,0.4806804358959198,3.564259892702102
143,0.6795317530632019,0.4444514513015747,2.5259838104248047,6.795317649841309,1.2556554079055786,2.6500000953674316,8596,0.4806804656982422,3.8511022984981538
144,0.7536792755126953,0.48961392045021057,2.5259838104248047,7.536792278289795,1.3747632503509521,2.6500000953674316,8654,0.48627063632011414,3.7119689643383027
145,0.6683520078659058,0.36811164021492004,2.5004656314849854,6.683520317077637,1.2629919052124023,2.6500000953674316,8711,0.4839824438095093,3.6666504025459288
146,0.6967164874076843,0.44898462295532227,2.5259838104248047,6.967164993286133,1.2629919052124023,2.6500000953674316,8765,0.47711771726608276,3.8096362948417664
147,0.6397618055343628,0.3801243305206299,2.5004656314849854,6.397618293762207,1.2629919052124023,2.6500000953674316,8822,0.4839824140071869,3.707350164651871
148,0.7399612665176392,0.4787830412387848,2.5259838104248047,7.399612903594971,1.6160093545913696,2.6500000953674316,8878,0.4806804656982422,3.7121860265731814
149,0.7178114652633667,0.5040667057037354,2.5259838104248047,7.17811393737793,1.4559799432754517,2.6500000953674316,8937,0.4875451326370239,3.7839114546775816
150,0.8285619020462036,0.543525218963623,2.5259838104248047,8.285618782043457,2.404292345046997,2.6500000953674316,8995,0.48627063632011414,3.3965538144111633
151,0.7340771555900574,0.5136241316795349,2.5579915046691895,7.340771675109863,1.3532108068466187,2.6500000953674316,9050,0.47940593957901,3.761202949285507
152,0.7725163102149963,0.42096400260925293,2.5259838104248047,7.72516393661499,1.2629919052124023,2.6500000953674316,9108,0.4852569103240967,3.3925067305564873
153,0.7851295471191406,0.5495554804801941,2.5259838104248047,7.8512959480285645,2.360264539718628,2.6500000953674316,9166,0.4862706661224365,3.4820715904235837
154,0.698547899723053,0.4504534900188446,2.5259838104248047,6.985478401184082,1.2629919052124023,2.6500000953674316,9224,0.48627063632011414,3.8230941534042358
155,0.7695239186286926,0.4651391804218292,2.5004656314849854,7.695240020751953,1.4884834289550781,2.6500000953674316,9278,0.4761040210723877,3.4985635757446287
156,0.6996780633926392,0.483875036239624,2.5259838104248047,6.996779918670654,1.3395771980285645,2.6500000953674316,9338,0.49084708094596863,3.8580720126628876
157,0.7131858468055725,0.42708611488342285,2.5259838104248047,7.131857872009277,1.481697916984558,2.6500000953674316,9394,0.48169416189193726,3.4962529897689816
158,0.7440975308418274,0.524323582649231,2.530384063720703,7.440975666046143,1.6827133893966675,2.6500000953674316,9444,0.4659373462200165,3.6665033221244814
159,0.6638634204864502,0.48903751373291016,2.536757707595825,6.638633728027344,1.4757863283157349,2.6500000953674316,9506,0.4954235553741455,3.9763068795204166
160,0.6576963663101196,0.4407869577407837,2.5259838104248047,6.576963901519775,1.2610780000686646,2.6500000953674316,9563,0.48296868801116943,3.944264698028565
161,0.6687252521514893,0.4022022783756256,2.5004656314849854,6.687252998352051,1.2610780000686646,2.6500000953674316,9618,0.47839224338531494,3.59673501253128
162,0.594828188419342,0.2934766411781311,1.5259838104248047,5.948282241821289,1.2343709468841553,2.6500000953674316,9673,0.4773785173892975,1.6320643961429595
163,0.7399702072143555,0.5811304450035095,2.5259838104248047,7.399702072143555,2.5113108158111572,2.6500000953674316,9729,0.4806804656982422,3.5580837011337274
164,0.6397139430046082,0.38984665274620056,2.5259838104248047,6.397139549255371,1.2629919052124023,2.6500000953674316,9787,0.48627063632011414,3.7524338722229005
165,0.7062981128692627,0.48279306292533875,2.5259838104248047,7.0629801750183105,1.4996843338012695,2.6500000953674316,9845,0.4852569103240967,3.6793064355850214
166,0.6717958450317383,0.3876049220561981,2.5259838104248047,6.717957973480225,1.2629919052124023,2.6500000953674316,9899,0.4761039912700653,3.674647307395935
167,0.7874343395233154,0.5278769731521606,2.5259838104248047,7.874342918395996,2.314842700958252,2.6500000953674316,9954,0.47839224338531494,3.596954447031021
168,0.7020162343978882,0.5083980560302734,2.5259838104248047,7.020162582397461,1.6839892864227295,2.6500000953674316,10011,0.4839823842048645,3.8064349234104156
169,0.7419286966323853,0.4879145324230194,2.5259838104248047,7.419287204742432,1.3156987428665161,2.6500000953674316,10068,0.48296868801116943,3.7434287548065184
170,0.7680622935295105,0.517970085144043,2.5259838104248047,7.6806230545043945,1.783798336982727,2.6500000953674316,10123,0.47839224338531494,3.6033026278018947
171,0.7462943196296692,0.5852345824241638,2.5259838104248047,7.462942600250244,2.518425703048706,2.6500000953674316,10178,0.47940593957901,3.5124377667903897
172,0.735241174697876,0.4265640377998352,2.5259838104248047,7.352411270141602,1.2629919052124023,2.6500000953674316,10231,0.4748294949531555,3.4824250578880314
173,0.6773539185523987,0.3867805600166321,2.5004656314849854,6.7735395431518555,1.2629919052124023,2.6500000953674316,10281,0.4679648280143738,3.6171815633773803
174,0.6420041918754578,0.3966760039329529,2.5259838104248047,6.420041561126709,1.2629919052124023,2.6500000953674316,10335,0.4761040210723877,3.7209218919277194
175,0.6670841574668884,0.3988461494445801,2.480286121368408,6.670841693878174,1.2629919052124023,2.6500000953674316,10384,0.4646628797054291,3.556226217746734
176,0.7484962940216064,0.5119826793670654,2.5259838104248047,7.484963417053223,1.523171305656433,2.6500000953674316,10439,0.4794059693813324,3.6622012197971343
177,0.6798977851867676,0.4394753575325012,2.5259838104248047,6.798978805541992,1.2502328157424927,2.6500000953674316,10493,0.4761040210723877,3.8771995842456817
178,0.8162904977798462,0.6183046698570251,2.6500000953674316,8.1629056930542,2.522156000137329,2.6500000953674316,10544,0.4692392945289612,3.176914113759994
179,0.7351165413856506,0.49484261870384216,2.5259838104248047,7.351165294647217,1.2629919052124023,2.6500000953674316,10598,0.47711771726608276,3.7458271145820614
180,0.783707320690155,0.5007460713386536,2.6500000953674316,7.837072849273682,1.6571980714797974,2.6500000953674316,10650,0.4715275764465332,3.7611626207828524
181,0.756499707698822,0.40063753724098206,2.5259838104248047,7.564997673034668,1.2629919052124023,2.6500000953674316,10705,0.4773785173892975,3.464604604244232
182,0.5589673519134521,0.2898327708244324,1.2629919052124023,5.5896735191345215,1.163094401359558,2.6500000953674316,10758,0.47321149706840515,1.0699420034885403
183,0.7952861785888672,0.5977565050125122,2.5579915046691895,7.95286226272583,2.522156000137329,2.6500000953674316,10815,0.4839823842048645,3.3252755582332605
184,0.6977230310440063,0.48473799228668213,2.5004656314849854,6.977230072021484,1.2629919052124023,2.6500000953674316,10870,0.47940593957901,3.6813869118690494
185,0.8820086717605591,0.7142451405525208,2.5259838104248047,8.820085525512695,2.5259838104248047,2.6500000953674316,10927,0.4839823842048645,0.10000118613243103
186,0.6522352695465088,0.305166095495224,1.2629919052124023,6.522353172302246,1.2629919052124023,2.6500000953674316,10982,0.47839221358299255,0.5677833497524262
187,0.6998993754386902,0.45887666940689087,2.5259838104248047,6.998993873596191,1.3302758932113647,2.6500000953674316,11033,0.46923932433128357,3.8016500651836393
188,0.6416022181510925,0.4374406039714813,2.5270025730133057,6.416022777557373,1.2502328157424927,2.6500000953674316,11088,0.47940593957901,3.9979609131813056
189,0.6700103282928467,0.4000657796859741,2.5004656314849854,6.700103282928467,1.2629919052124023,2.6500000953674316,11142,0.4761040210723877,3.6067269921302785
190,0.6452810764312744,0.3506869971752167,1.5259838104248047,6.452811241149902,1.2629919052124023,2.6500000953674316,11195,0.4748294949531555,1.1879989504814146
191,0.7232967615127563,0.42360448837280273,2.5004656314849854,7.232968330383301,1.2629919052124023,2.6500000953674316,11252,0.4839824140071869,3.745236420631408
192,0.7437856197357178,0.5189388394355774,2.5259838104248047,7.437856674194336,2.314842700958252,2.6500000953674316,11305,0.47178834676742554,3.7360355913639074
193,0.6173425912857056,0.3135468065738678,1.5104866027832031,6.173425674438477,1.2610780000686646,2.6500000953674316,11352,0.46110010147094727,1.4296485245227815
194,0.6393024921417236,0.43425217270851135,2.5259838104248047,6.3930253982543945,1.2502328157424927,2.6500000953674316,11404,0.47254127264022827,4.009978806972503
195,0.7266104221343994,0.447975754737854,2.5259838104248047,7.266103267669678,1.3156987428665161,2.6500000953674316,11461,0.4839824140071869,3.7564726531505577
196,0.6906063556671143,0.5218881368637085,2.5259838104248047,6.906063556671143,2.3129289150238037,2.6500000953674316,11519,0.4862706661224365,3.8949595451354977
197,0.7758111357688904,0.4949357509613037,2.5259838104248047,7.758111476898193,1.6136088371276855,2.6500000953674316,11574,0.4794059693813324,3.607503908872604
198,0.6407792568206787,0.31550678610801697,1.505383014678955,6.407792568206787,1.2610780000686646,2.6500000953674316,11630,0.48169419169425964,1.3199039936065675
199,0.6699084043502808,0.4900517761707306,2.5259838104248047,6.699082851409912,1.2629919052124023,2.6500000953674316,11682,0.4725412130355835,3.951171547174454
200,0.8211095929145813,0.6121624112129211,2.5259838104248047,8.211095809936523,2.522156000137329,2.6500000953674316,11735,0.472802072763443,3.057731527090072
201,0.7573622465133667,0.575153112411499,2.6500000953674316,7.57362174987793,2.2910618782043457,2.6500000953674316,11791,0.4806804656982422,3.6425790309906008
202,0.7420322895050049,0.39252930879592896,2.5004656314849854,7.420322895050049,1.2629919052124023,2.6500000953674316,11850,0.4885588586330414,3.4496237516403196
203,0.7171186208724976,0.4111402630805969,2.5259838104248047,7.171186447143555,1.2629919052124023,2.6500000953674316,11902,0.47051382064819336,3.5391803085803986
204,0.7345876693725586,0.4946124851703644,2.5004656314849854,7.3458757400512695,1.2629919052124023,2.6500000953674316,11960,0.4842431843280792,3.72268448472023
205,0.7177563309669495,0.4771120846271515,2.5579915046691895,7.177563190460205,1.4672447443008423,2.6500000953674316,12016,0.48169422149658203,3.7127257168292997
206,0.7913910150527954,0.5022721290588379,2.5259838104248047,7.913909912109375,1.4785082340240479,2.6500000953674316,12070,0.4761039912700653,3.5909253358840942
207,0.6720896363258362,0.39612552523612976,2.5259838104248047,6.7208967208862305,1.2629919052124023,2.6500000953674316,12123,0.4748294949531555,3.6667939245700842
208,0.7424590587615967,0.49291494488716125,2.5259838104248047,7.424590587615967,1.2629919052124023,2.6500000953674316,12174,0.4692392945289612,3.7158298254013062
209,0.7489446997642517,0.4932589530944824,2.5259838104248047,7.489447593688965,1.6156799793243408,2.6500000953674316,12229,0.47940593957901,3.6546989321708683
210,0.6976132392883301,0.4418453276157379,2.5004656314849854,6.976131916046143,1.2610780000686646,2.6500000953674316,12285,0.48169419169425964,3.7813921093940728
211,0.7751412987709045,0.6241317391395569,2.5259838104248047,7.751412868499756,2.522156000137329,2.6500000953674316,12342,0.4839824140071869,3.154184257984161
212,0.8231668472290039,0.5428033471107483,2.5259838104248047,8.231669425964355,2.3767170906066895,2.6500000953674316,12393,0.4682255983352661,3.4293978214263907
213,0.7393277287483215,0.5215157270431519,2.5004656314849854,7.393277168273926,1.6625655889511108,2.6500000953674316,12444,0.4692392945289612,3.6102426886558527
214,0.714512050151825,0.3857648968696594,2.5004656314849854,7.145120620727539,1.2629919052124023,2.6500000953674316,12491,0.45907267928123474,3.5264697134494782
215,0.7210890054702759,0.45057380199432373,2.5259838104248047,7.210890293121338,1.2629919052124023,2.6500000953674316,12540,0.46567657589912415,3.7690468430519113
216,0.8183037042617798,0.6475650072097778,2.5259838104248047,8.183036804199219,2.522156000137329,2.6500000953674316,12597,0.4839824140071869,2.466369783878326
217,0.6687377691268921,0.386957049369812,2.5004656314849854,6.687377452850342,1.2629919052124023,2.6500000953674316,12652,0.4773785173892975,3.6206948876380913
218,0.732833206653595,0.3905734717845917,2.5259838104248047,7.328332424163818,1.2629919052124023,2.6500000953674316,12707,0.47839221358299255,3.53426616191864
219,0.7947360873222351,0.48426613211631775,2.5259838104248047,7.947360992431641,1.6405636072158813,2.6500000953674316,12756,0.46567660570144653,3.487568128108978
220,0.678423285484314,0.49534156918525696,2.5579915046691895,6.784233570098877,1.2629919052124023,2.6500000953674316,12810,0.4761039912700653,3.9966715872287755
221,0.6599841117858887,0.4984742999076843,2.5270025730133057,6.5998406410217285,1.4648441076278687,2.6500000953674316,12860,0.4653330445289612,3.92655218243599
222,0.6796842813491821,0.41102680563926697,2.5004656314849854,6.796842575073242,1.486534595489502,2.6500000953674316,12905,0.4555099904537201,3.5414149820804597
223,0.6182653307914734,0.276407927274704,1.2629919052124023,6.182653903961182,1.1536865234375,2.6500000953674316,12960,0.47940593957901,0.9859709441661834
224,0.7769026160240173,0.5941361784934998,2.6500000953674316,7.769026279449463,2.522156000137329,2.6500000953674316,13012,0.47051382064819336,3.5216504573822025
225,0.6800791025161743,0.41675761342048645,2.5259838104248047,6.800790786743164,1.2629919052124023,2.6500000953674316,13059,0.45482292771339417,3.614022892713546
226,0.7663112878799438,0.46329906582832336,2.5259838104248047,7.663112163543701,1.27035391330719,2.6500000953674316,13117,0.4852569103240967,3.6267939805984497
227,0.777216374874115,0.4960629343986511,2.5259838104248047,7.7721638679504395,1.6156799793243408,2.6500000953674316,13167,0.4649236500263214,3.6395235538482664
228,0.8378298878669739,0.603203535079956,2.5579915046691895,8.37829875946045,2.5004656314849854,2.6500000953674316,13218,0.46660760045051575,3.1861505270004273
229,0.6467142701148987,0.33353903889656067,2.5259838104248047,6.4671430587768555,1.0033135414123535,2.6500000953674316,13268,0.4679648280143738,3.827990508079529
230,0.6972395777702332,0.3679928779602051,2.5004656314849854,6.972395420074463,1.2620350122451782,2.6500000953674316,13319,0.4692392945289612,3.5942453205585476
231,0.6562014818191528,0.4538852870464325,2.5259838104248047,6.562014102935791,1.2629919052124023,2.6500000953674316,13370,0.46923935413360596,3.930096346139908
232,0.7306338548660278,0.4832373261451721,2.5259838104248047,7.306339263916016,1.3395771980285645,2.6500000953674316,13425,0.47940593957901,3.7992066323757165
233,0.7430127263069153,0.48114994168281555,2.5259838104248047,7.4301276206970215,1.276595115661621,2.6500000953674316,13481,0.48169419169425964,3.8046830058097836
234,0.6959241628646851,0.4892420768737793,2.5259838104248047,6.95924186706543,1.6136088371276855,2.6500000953674316,13534,0.472802072763443,3.8333031952381136
235,0.8168171644210815,0.5593137741088867,2.5259838104248047,8.168171882629395,2.3589885234832764,2.6500000953674316,13580,0.4567844569683075,3.3671234965324395
236,0.7547528147697449,0.4816300868988037,2.5259838104248047,7.547527313232422,1.2629919052124023,2.6500000953674316,13633,0.4748294949531555,3.754347103834152
237,0.8304128050804138,0.5952450633049011,2.6500000953674316,8.30412769317627,2.522156000137329,2.6500000953674316,13676,0.4519472122192383,3.349813079833984
238,0.728462278842926,0.5423045754432678,2.5259838104248047,7.284624099731445,2.3365330696105957,2.6500000953674316,13730,0.47509029507637024,3.7432579517364504
239,0.772505521774292,0.4915643334388733,2.5259838104248047,7.725055694580078,1.2629919052124023,2.6500000953674316,13785,0.47940593957901,3.679708534479141
240,0.746126651763916,0.48363837599754333,2.6500000953674316,7.46126651763916,1.3584953546524048,2.6500000953674316,13835,0.4679648280143738,3.8065049052238464
241,0.7216240763664246,0.3944643437862396,2.4755964279174805,7.216241359710693,1.276595115661621,2.6500000953674316,13890,0.47576048970222473,3.4224897861480708
242,0.6637208461761475,0.42714723944664,2.5259838104248047,6.637208938598633,1.2610780000686646,2.6500000953674316,13938,0.45933347940444946,3.9276173293590544
243,0.730623722076416,0.478514164686203,2.5259838104248047,7.30623722076416,1.6564604043960571,2.6500000953674316,13987,0.46567660570144653,3.609062486886978
244,0.7225133180618286,0.3589950203895569,2.5259838104248047,7.225132942199707,1.2629919052124023,2.6500000953674316,14042,0.47839221358299255,3.611120426654815
245,0.7315382361412048,0.3782142400741577,2.5259838104248047,7.315381050109863,1.2629919052124023,2.6500000953674316,14094,0.46848636865615845,3.56418872475624
246,0.7801990509033203,0.46950817108154297,2.5259838104248047,7.801990032196045,1.367796778678894,2.6500000953674316,14148,0.47509026527404785,3.583274781703948
247,0.5817714929580688,0.263872355222702,1.2789957523345947,5.817714691162109,1.2152959108352661,2.6500000953674316,14200,0.4715275466442108,1.2209817349910734
248,0.6816757321357727,0.3954893946647644,2.5004656314849854,6.8167572021484375,1.2629919052124023,2.6500000953674316,14252,0.47051379084587097,3.586594766378402
249,0.8321185111999512,0.5379654765129089,2.5259838104248047,8.321186065673828,2.3316965103149414,2.6500000953674316,14301,0.4626353979110718,3.4322101414203647
250,0.6856595277786255,0.4020638167858124,2.541987657546997,6.856595039367676,1.2629919052124023,2.6500000953674316,14351,0.46695107221603394,3.6607031345367433
251,0.6359278559684753,0.3995635509490967,2.5259838104248047,6.359278678894043,1.2629919052124023,2.6500000953674316,14398,0.45704522728919983,3.745050197839737
252,0.6713542342185974,0.41707557439804077,2.5259838104248047,6.713542938232422,1.2629919052124023,2.6500000953674316,14451,0.4728020429611206,3.6301459908485416
253,0.651439905166626,0.4162124693393707,2.5259838104248047,6.514398574829102,1.2502328157424927,2.6500000953674316,14498,0.45704522728919983,3.67636838555336
254,0.9233341813087463,0.5768903493881226,2.530384063720703,9.233342170715332,2.5004656314849854,2.6500000953674316,14549,0.46923932433128357,3.0011482656002046
255,0.7097088098526001,0.5194016098976135,2.5259838104248047,7.097088813781738,1.2629919052124023,2.6500000953674316,14607,0.4842431843280792,3.7484828650951383
256,0.6962026357650757,0.35699042677879333,2.5004656314849854,6.9620256423950195,1.2610780000686646,2.6500000953674316,14658,0.46660757064819336,3.6116541862487788
257,0.7161024212837219,0.3839566707611084,2.5004656314849854,7.161025047302246,1.2629919052124023,2.6500000953674316,14710,0.4695001244544983,3.517438501119614
258,0.7817079424858093,0.5348246097564697,2.5259838104248047,7.817079544067383,2.3527328968048096,2.6500000953674316,14758,0.4613609313964844,3.5913867413997647
259,0.7666043639183044,0.5524927973747253,2.5259838104248047,7.666043281555176,2.3971314430236816,2.6500000953674316,14811,0.472802072763443,3.584839290380477
260,0.8004488945007324,0.5308036804199219,2.6500000953674316,8.004488945007324,1.7459166049957275,2.6500000953674316,14859,0.4633883833885193,3.580519396066665
261,0.8127454519271851,0.5193912386894226,2.5259838104248047,8.12745475769043,1.6839892864227295,2.6500000953674316,14910,0.4686349630355835,3.4742324411869054
262,0.8003082871437073,0.4520522952079773,2.5004656314849854,8.003083229064941,1.2629919052124023,2.6500000953674316,14958,0.45933347940444946,3.5011896729469294
263,0.7573725581169128,0.4976750910282135,2.5259838104248047,7.573726177215576,1.62083899974823,2.6500000953674316,15003,0.4534825086593628,3.7080227017402656
264,0.7889883518218994,0.5968540906906128,2.5259838104248047,7.889883041381836,2.522156000137329,2.6500000953674316,15053,0.46593737602233887,3.3657357215881345
265,0.7220354080200195,0.5435063242912292,2.5259838104248047,7.220353603363037,2.3365330696105957,2.6500000953674316,15106,0.4748294949531555,3.7585519433021544
266,0.7400391697883606,0.6169517040252686,2.5259838104248047,7.400391578674316,2.5161020755767822,2.6500000953674316,15157,0.4676212966442108,3.3834553539752954
267,0.7418667078018188,0.4182202219963074,2.5004656314849854,7.418668270111084,1.2629919052124023,2.6500000953674316,15212,0.47839224338531494,3.401867687702178
268,0.7164813280105591,0.4573063552379608,2.5259838104248047,7.164813041687012,1.2629919052124023,2.6500000953674316,15266,0.4730628430843353,3.774694019556046
269,0.7070032954216003,0.5536677241325378,2.5259838104248047,7.070033550262451,2.314842700958252,2.6500000953674316,15322,0.4806804656982422,3.7603845179080966
270,0.687612771987915,0.4941119849681854,2.5259838104248047,6.876128196716309,1.3585302829742432,2.6500000953674316,15372,0.4679648280143738,3.8889043390750886
271,0.6112797260284424,0.3878440856933594,2.5259838104248047,6.112797737121582,1.2502328157424927,2.6500000953674316,15423,0.46923932433128357,3.8210480749607094
272,0.7012706398963928,0.45629027485847473,2.5259838104248047,7.012706279754639,1.3180993795394897,2.6500000953674316,15471,0.4607565999031067,3.732801008224487
273,0.8330682516098022,0.57488614320755,2.5259838104248047,8.330682754516602,2.375441074371338,2.6500000953674316,15518,0.4580589532852173,3.295948433876037
274,0.813207745552063,0.5406075119972229,2.536757707595825,8.13207721710205,2.3741977214813232,2.6500000953674316,15567,0.46567660570144653,3.4617139995098114
275,0.8293062448501587,0.4892228841781616,2.5259838104248047,8.293062210083008,1.658374309539795,2.6500000953674316,15612,0.4534825086593628,3.3346104204654683
276,0.6715105772018433,0.4484688639640808,2.5579915046691895,6.71510648727417,1.3649085760116577,2.6500000953674316,15659,0.4554271697998047,3.9072039902210234
277,0.7941629886627197,0.5634925961494446,2.5579915046691895,7.941629409790039,2.398407459259033,2.6500000953674316,15706,0.4600863754749298,3.512397438287735
278,0.8288567662239075,0.7005667090415955,2.5259838104248047,8.288567543029785,2.5259838104248047,2.6500000953674316,15752,0.45577073097229004,0.21829180121421815
279,0.7324085235595703,0.5315674543380737,2.5259838104248047,7.324084281921387,2.314842700958252,2.6500000953674316,15802,0.4679648280143738,3.7268110394477842
280,0.6872094869613647,0.43495169281959534,2.5259838104248047,6.872094631195068,1.2629919052124023,2.6500000953674316,15848,0.45577073097229004,3.851623010635376
281,0.7635679244995117,0.4445057511329651,2.5259838104248047,7.635679244995117,1.3693406581878662,2.6500000953674316,15898,0.46695107221603394,3.6314981818199152
282,0.7356113791465759,0.503659725189209,2.5259838104248047,7.356113910675049,1.2629919052124023,2.6500000953674316,15946,0.46237462759017944,3.7418084979057307
283,0.8282878994941711,0.5532569885253906,2.5259838104248047,8.282878875732422,2.3436877727508545,2.6500000953674316,15995,0.46567660570144653,3.3815812647342685
284,0.7675724625587463,0.5575922727584839,2.5259838104248047,7.675724983215332,2.3523778915405273,2.6500000953674316,16049,0.4761040210723877,3.5419772088527677
285,0.7412620782852173,0.4626949429512024,2.5004656314849854,7.4126200675964355,1.2629919052124023,2.6500000953674316,16100,0.4682255983352661,3.714132469892502
286,0.6433754563331604,0.4316924810409546,2.5004656314849854,6.433755397796631,1.2502328157424927,2.6500000953674316,16149,0.4646628201007843,3.895161187648773
287,0.8162817358970642,0.593271791934967,2.6500000953674316,8.162817001342773,2.522156000137329,2.6500000953674316,16201,0.4709232449531555,3.3844600081443774
288,0.5910840034484863,0.42842260003089905,2.5259838104248047,5.910840034484863,1.2343709468841553,2.6500000953674316,16251,0.4669511020183563,4.14592737555504
289,0.7574781179428101,0.4939023554325104,2.5259838104248047,7.574781894683838,1.623232364654541,2.6500000953674316,16305,0.4740765392780304,3.7216074764728546
290,0.7468305826187134,0.5089238286018372,2.5259838104248047,7.468306541442871,1.4958359003067017,2.6500000953674316,16360,0.4773785173892975,3.6835195779800407
291,0.7456066012382507,0.49840816855430603,2.5259838104248047,7.456065654754639,1.6301403045654297,2.6500000953674316,16405,0.4524688124656677,3.691243672370911
292,0.7299919724464417,0.45535042881965637,2.6500000953674316,7.299920082092285,1.2629919052124023,2.6500000953674316,16458,0.47381576895713806,3.88899804353714
293,0.7463186979293823,0.6177955269813538,2.5259838104248047,7.463186264038086,2.496735095977783,2.6500000953674316,16504,0.4561801552772522,3.2245064914226527
294,0.7986478209495544,0.5496373176574707,2.5259838104248047,7.986477375030518,2.294365167617798,2.6500000953674316,16551,0.46110016107559204,3.465751594305038
295,0.6528134346008301,0.4543416202068329,2.5259838104248047,6.528133869171143,1.2629919052124023,2.6500000953674316,16602,0.4682255983352661,3.9385416090488437
296,0.7233996391296387,0.4993699789047241,2.536757707595825,7.233996868133545,1.2740349769592285,2.6500000953674316,16650,0.45974284410476685,3.7770164668560025
297,0.6892960071563721,0.42553043365478516,2.5132246017456055,6.892960071563721,1.2556554079055786,2.6500000953674316,16701,0.46923932433128357,3.854905039072037
298,0.77412348985672,0.4653531610965729,2.5259838104248047,7.741235256195068,1.6063786745071411,2.6500000953674316,16747,0.45577070116996765,3.58666118979454
299,0.7071468234062195,0.3893381655216217,2.5004656314849854,7.071467399597168,1.2629919052124023,2.6500000953674316,16790,0.44991979002952576,3.538059413433075
300,0.6796642541885376,0.4068604111671448,2.6500000953674316,6.796642780303955,1.2629919052124023,2.6500000953674316,16840,0.46593737602233887,3.920467323064804
301,0.701905369758606,0.36285272240638733,2.5259838104248047,7.019054412841797,1.2502328157424927,2.6500000953674316,16889,0.46263545751571655,3.664208155870438
302,0.8031976222991943,0.5166919827461243,2.5004656314849854,8.031976699829102,1.6433004140853882,2.6500000953674316,16940,0.4692392945289612,3.4661821603775023
303,0.7052031755447388,0.5188748240470886,2.6500000953674316,7.052031517028809,1.5993324518203735,2.6500000953674316,16992,0.46990954875946045,3.9371229946613315
304,0.7123317122459412,0.4468630850315094,2.5259838104248047,7.123316764831543,1.2610780000686646,2.6500000953674316,17037,0.4534825086593628,3.8023676753044118
305,0.7528300285339355,0.446098655462265,2.5259838104248047,7.528299808502197,1.4778584241867065,2.6500000953674316,17084,0.45786404609680176,3.654644370079041
306,0.6974356174468994,0.43425673246383667,2.5004656314849854,6.974355697631836,1.3309364318847656,2.6500000953674316,17130,0.45881187915802,3.458033430576325
307,0.7270658016204834,0.47758951783180237,2.5259838104248047,7.270658493041992,1.5259838104248047,2.6500000953674316,17184,0.4740765392780304,3.655326396226883
308,0.7286142110824585,0.4646361172199249,2.5259838104248047,7.286141872406006,1.2629919052124023,2.6500000953674316,17237,0.47381576895713806,3.7083417713642124
309,0.7093797326087952,0.457221657037735,2.5259838104248047,7.09379768371582,1.3080397844314575,2.6500000953674316,17290,0.4728020429611206,3.7461319506168365
310,0.6484643220901489,0.3623429834842682,2.5259838104248047,6.484643936157227,1.2556554079055786,2.6500000953674316,17337,0.4570452570915222,3.773399949073791
311,0.7722601294517517,0.5004273653030396,2.5259838104248047,7.722601890563965,1.62083899974823,2.6500000953674316,17387,0.46695107221603394,3.576893389225006
312,0.7068081498146057,0.3104327619075775,1.3766895532608032,7.068080902099609,1.2629919052124023,2.6500000953674316,17432,0.45449626445770264,0.5617340743541719
313,0.6871413588523865,0.43164223432540894,2.5004656314849854,6.871413707733154,1.2629919052124023,2.6500000953674316,17477,0.45449620485305786,3.508116686344146
314,0.806614100933075,0.5501226782798767,2.5259838104248047,8.066140174865723,2.377992868423462,2.6500000953674316,17520,0.4489060640335083,3.4481648087501533
315,0.7603769302368164,0.5613158345222473,2.536757707595825,7.603769302368164,2.3996832370758057,2.6500000953674316,17565,0.4528782069683075,3.574774956703186
316,0.767389178276062,0.502062201499939,2.5259838104248047,7.673892021179199,1.6564604043960571,2.6500000953674316,17607,0.44661784172058105,3.6283442556858065
317,0.75141441822052,0.49941763281822205,2.5259838104248047,7.514144420623779,1.3375061750411987,2.6500000953674316,17656,0.46364912390708923,3.68561310172081
318,0.7030003666877747,0.43890681862831116,2.5259838104248047,7.030004024505615,1.2623538970947266,2.6500000953674316,17710,0.4761039912700653,3.839463967084884
319,0.7879541516304016,0.6141212582588196,2.5579915046691895,7.879540920257568,2.4973371028900146,2.6500000953674316,17759,0.4646628499031067,3.1252865135669707
320,0.7295312285423279,0.5055891275405884,2.6500000953674316,7.29531192779541,1.6420000791549683,2.6500000953674316,17803,0.4501805305480957,3.769229507446289
321,0.6984848976135254,0.5237142443656921,2.6500000953674316,6.9848480224609375,1.6376928091049194,2.6500000953674316,17854,0.46863502264022827,3.8942537963390347
322,0.7694718837738037,0.5124092698097229,2.5259838104248047,7.694719314575195,1.3156987428665161,2.6500000953674316,17894,0.4420413672924042,3.633101832866669
323,0.7068378925323486,0.444693386554718,2.5259838104248047,7.068378925323486,1.2623772621154785,2.6500000953674316,17943,0.46263545751571655,3.8133951485157014
324,0.7656933665275574,0.5605809092521667,2.5579915046691895,7.656933784484863,2.377992868423462,2.6500000953674316,17992,0.4626353979110718,3.535319447517395
325,0.8039247989654541,0.552703320980072,2.5259838104248047,8.039247512817383,2.3436877727508545,2.6500000953674316,18038,0.4567844271659851,3.3879306316375724
326,0.8061801791191101,0.5481346249580383,2.5259838104248047,8.06180191040039,2.3734230995178223,2.6500000953674316,18079,0.4443295896053314,3.4792284309864043
327,0.6964874267578125,0.4222176969051361,2.5259838104248047,6.964874267578125,1.2629919052124023,2.6500000953674316,18124,0.45246878266334534,3.8616553187370304
328,0.7769445776939392,0.5401674509048462,2.5579915046691895,7.769445419311523,2.314842700958252,2.6500000953674316,18167,0.4503291845321655,3.5830138325691223
329,0.705230712890625,0.453477680683136,2.5259838104248047,7.052307605743408,1.2629919052124023,2.6500000953674316,18218,0.46721190214157104,3.7639417290687565
330,0.8393411040306091,0.6262561678886414,2.6500000953674316,8.393410682678223,2.5004656314849854,2.6500000953674316,18267,0.4636491537094116,3.0582202136516567
331,0.6695669889450073,0.3429194688796997,1.3421497344970703,6.695670127868652,1.2620350122451782,2.6500000953674316,18317,0.4669511318206787,0.42664307951927183
332,0.7883196473121643,0.5126035809516907,2.5259838104248047,7.883196830749512,1.6136088371276855,2.6500000953674316,18361,0.452208012342453,3.5657413721084583
333,0.6530122756958008,0.382617712020874,2.5004656314849854,6.53012228012085,1.2620350122451782,2.6500000953674316,18410,0.4646628797054291,3.666527044773102
334,0.6809400916099548,0.455682635307312,2.5259838104248047,6.80940055847168,1.3394819498062134,2.6500000953674316,18448,0.4374648928642273,3.8047162175178526
335,0.7247492074966431,0.4835311472415924,2.5259838104248047,7.247491359710693,1.2857437133789062,2.6500000953674316,18495,0.4580589830875397,3.8153724312782282
336,0.7520059943199158,0.5400647521018982,2.5259838104248047,7.520060062408447,2.3436877727508545,2.6500000953674316,18536,0.44271156191825867,3.620311766862869
337,0.7493181228637695,0.4582233428955078,2.5004656314849854,7.493181228637695,1.2629919052124023,2.6500000953674316,18583,0.45685040950775146,3.610794240236282
338,0.8415815830230713,0.5562292337417603,2.5259838104248047,8.415815353393555,2.3542919158935547,2.6500000953674316,18627,0.44916683435440063,3.3585679233074184
339,0.7198318839073181,0.4808725118637085,2.5259838104248047,7.198319435119629,1.3584953546524048,2.6500000953674316,18674,0.45644092559814453,3.8401068508625027
340,0.6978582739830017,0.5441566109657288,2.5259838104248047,6.978582859039307,2.314842700958252,2.6500000953674316,18719,0.45449623465538025,3.7759228527545927
341,0.673112690448761,0.40498533844947815,2.5259838104248047,6.73112678527832,1.2629919052124023,2.6500000953674316,18769,0.46390992403030396,3.647865623235702
342,0.7555208206176758,0.5147513151168823,2.5259838104248047,7.5552077293396,2.260263204574585,2.6500000953674316,18815,0.4537432789802551,3.6461386144161225
343,0.7106146812438965,0.46611908078193665,2.5259838104248047,7.106146335601807,1.2610780000686646,2.6500000953674316,18863,0.46034717559814453,3.8749933779239654
344,0.7693984508514404,0.5702528357505798,2.5259838104248047,7.6939849853515625,2.5004656314849854,2.6500000953674316,18914,0.46721190214157104,3.4611102581024165
345,0.8406326770782471,0.6613800525665283,2.6500000953674316,8.406327247619629,2.5004656314849854,2.6500000953674316,18968,0.4740765392780304,2.5603150308132174
346,0.6687632203102112,0.4397014379501343,2.5259838104248047,6.687632083892822,1.2629919052124023,2.6500000953674316,19019,0.470253050327301,3.8855226755142214
347,0.790266215801239,0.6858470439910889,2.5259838104248047,7.90266227722168,2.5259838104248047,2.6500000953674316,19066,0.457454651594162,2.2114260375499724
348,0.7874875664710999,0.5313042402267456,2.5259838104248047,7.874876022338867,2.324143886566162,2.6500000953674316,19108,0.44661781191825867,3.57541309595108
349,0.7290189266204834,0.5290861129760742,2.5259838104248047,7.290189266204834,1.6754831075668335,2.6500000953674316,19156,0.4603472054004669,3.641932588815689
350,0.6080482006072998,0.3506692349910736,2.5004656314849854,6.080481052398682,1.2036871910095215,2.6500000953674316,19194,0.4374648928642273,3.8285657823085786
351,0.8664591908454895,0.5235232710838318,2.6500000953674316,8.664591789245605,1.6801939010620117,2.6500000953674316,19236,0.44540920853614807,3.5141054689884186
352,0.8471075296401978,0.5550447106361389,2.5259838104248047,8.471075057983398,2.377992868423462,2.6500000953674316,19280,0.4516037404537201,3.3013263583183283
353,0.7991833090782166,0.5530984401702881,2.5259838104248047,7.9918341636657715,2.3161418437957764,2.6500000953674316,19324,0.4522080421447754,3.5087536394596093
354,0.7579143643379211,0.5114944577217102,2.5259838104248047,7.57914400100708,2.314842700958252,2.6500000953674316,19371,0.46110016107559204,3.6944225072860717
355,0.8471360206604004,0.6870809197425842,2.5259838104248047,8.471359252929688,2.5259838104248047,2.6500000953674316,19416,0.4498370587825775,0.21829180121421815
356,0.6747754216194153,0.31118425726890564,1.6839892864227295,6.7477545738220215,1.2610780000686646,2.6500000953674316,19464,0.46034717559814453,1.7686688959598542
357,0.7332639098167419,0.47813859581947327,2.5259838104248047,7.332639694213867,1.62083899974823,2.6500000953674316,19511,0.4560315012931824,3.7624270379543305
358,0.7621759176254272,0.5314915776252747,2.6500000953674316,7.621759414672852,1.481697916984558,2.6500000953674316,19555,0.4501805603504181,3.752703124284744
359,0.8097160458564758,0.5472291111946106,2.5259838104248047,8.097159385681152,2.3436877727508545,2.6500000953674316,19596,0.4423021674156189,3.3921390295028684
360,0.7088253498077393,0.5531808733940125,2.5259838104248047,7.088253021240234,2.3365330696105957,2.6500000953674316,19640,0.4522080421447754,3.772507977485657
361,0.6244106292724609,0.4229426383972168,2.5259838104248047,6.244106292724609,1.2610780000686646,2.6500000953674316,19686,0.45577070116996765,4.039073449373246
362,0.6893942356109619,0.5511279106140137,2.5259838104248047,6.893942832946777,2.306415557861328,2.6500000953674316,19729,0.44728800654411316,3.806713664531708
363,0.7368441820144653,0.5407106280326843,2.5259838104248047,7.368441104888916,2.3273544311523438,2.6500000953674316,19771,0.4443954825401306,3.687171679735184
364,0.5985231399536133,0.4122834801673889,2.4796085357666016,5.985231399536133,1.2620350122451782,2.6500000953674316,19820,0.4640585780143738,3.6851161122322083
365,0.7351718544960022,0.49933862686157227,2.5259838104248047,7.351718425750732,1.494411587715149,2.6500000953674316,19870,0.46695107221603394,3.723653554916382
366,0.773590624332428,0.4880836606025696,2.5259838104248047,7.735906600952148,1.6495797634124756,2.6500000953674316,19914,0.4501805305480957,3.651968455314636
367,0.757681667804718,0.4061169922351837,2.5004656314849854,7.576816558837891,1.2629919052124023,2.6500000953674316,19954,0.4410276412963867,3.402104914188385
368,0.776639997959137,0.5083860158920288,2.5259838104248047,7.766399383544922,1.6305155754089355,2.6500000953674316,19998,0.44916683435440063,3.586183178424835
369,0.6155295372009277,0.33671993017196655,2.5004656314849854,6.155295372009277,1.0702261924743652,2.6500000953674316,20038,0.43940961360931396,3.833285403251648
370,0.7528300881385803,0.4689175486564636,2.5259838104248047,7.52830171585083,1.2629919052124023,2.6500000953674316,20086,0.4613608717918396,3.752864438295364
371,0.7673178911209106,0.4268195331096649,2.5259838104248047,7.673178672790527,1.2629919052124023,2.6500000953674316,20127,0.44331586360931396,3.6941319048404697
372,0.7556381821632385,0.5356193780899048,2.6500000953674316,7.556382656097412,2.314842700958252,2.6500000953674316,20166,0.43975311517715454,3.80574933886528
373,0.7629855871200562,0.5267316102981567,2.5259838104248047,7.629855632781982,2.3365330696105957,2.6500000953674316,20210,0.4501805305480957,3.6836464941501617
374,0.6769565343856812,0.4129813611507416,2.5004656314849854,6.769565582275391,1.2610780000686646,2.6500000953674316,20259,0.46060794591903687,3.832217884063721
375,0.6034895181655884,0.3691865801811218,2.5004656314849854,6.0348944664001465,1.2610780000686646,2.6500000953674316,20303,0.45119428634643555,3.808862936496735
376,0.7684911489486694,0.5737257599830627,2.5259838104248047,7.684911251068115,2.5004656314849854,2.6500000953674316,20347,0.4481530785560608,3.472903972864151
377,0.7050536870956421,0.5128618478775024,2.5259838104248047,7.050537586212158,1.4408049583435059,2.6500000953674316,20390,0.446878582239151,3.7279556572437285
378,0.717496395111084,0.4463912844657898,2.5004656314849854,7.174963474273682,1.4656521081924438,2.6500000953674316,20433,0.44424688816070557,3.3917559087276454
379,0.7234835624694824,0.5001031160354614,2.5259838104248047,7.234836101531982,1.6071631908416748,2.6500000953674316,20481,0.46034717559814453,3.7750379979610442
380,0.7081119418144226,0.5189532041549683,2.5259838104248047,7.081119060516357,1.2629919052124023,2.6500000953674316,20521,0.4410276412963867,3.76578735113144
381,0.6847957372665405,0.4285562336444855,2.6500000953674316,6.847958087921143,1.2460429668426514,2.6500000953674316,20567,0.45313894748687744,4.091698586940765
382,0.68851238489151,0.49179351329803467,2.5259838104248047,6.885124683380127,1.62083899974823,2.6500000953674316,20613,0.45475703477859497,3.85961754322052
383,0.7591246962547302,0.6158650517463684,2.5259838104248047,7.591246604919434,2.5004656314849854,2.6500000953674316,20655,0.4470272660255432,3.3624335289001457
384,0.7026552557945251,0.4420557916164398,2.5004656314849854,7.026553153991699,1.2502328157424927,2.6500000953674316,20704,0.461017370223999,3.7695877194404606
385,0.7179736495018005,0.45531052350997925,2.5259838104248047,7.179736614227295,1.47890043258667,2.6500000953674316,20752,0.4603472054004669,3.747686970233917
386,0.7821378111839294,0.5586384534835815,2.5259838104248047,7.821377754211426,2.383075475692749,2.6500000953674316,20801,0.46263542771339417,3.5209921538829803
387,0.6682109236717224,0.34555453062057495,1.2629919052124023,6.682109832763672,1.2629919052124023,2.6500000953674316,20847,0.45516645908355713,0.10000118613243103
388,0.7749932408332825,0.5641762614250183,2.5259838104248047,7.749932289123535,2.3754875659942627,2.6500000953674316,20890,0.44991976022720337,3.4406779408454886
389,0.7201939821243286,0.46954020857810974,2.5004656314849854,7.201939582824707,1.62083899974823,2.6500000953674316,20932,0.4476315379142761,3.6397987365722653
390,0.7326236963272095,0.5081109404563904,2.5259838104248047,7.326236724853516,1.5171985626220703,2.6500000953674316,20972,0.4424508213996887,3.7284016430377958
391,0.7070013284683228,0.5551900863647461,2.5579915046691895,7.070013046264648,2.3527328968048096,2.6500000953674316,21009,0.42991316318511963,3.752946281433105
392,0.6719285249710083,0.4545900225639343,2.6500000953674316,6.719285011291504,1.2629919052124023,2.6500000953674316,21055,0.4541527032852173,4.025029641389846
393,0.7519983053207397,0.5365710854530334,2.6500000953674316,7.519983768463135,2.314842700958252,2.6500000953674316,21096,0.4443296194076538,3.8019086420536037
394,0.7857842445373535,0.49687832593917847,2.5004656314849854,7.857842445373535,1.6063786745071411,2.6500000953674316,21139,0.44991976022720337,3.5632315158843983
395,0.8295154571533203,0.5715265870094299,2.5259838104248047,8.295153617858887,2.5004656314849854,2.6500000953674316,21182,0.4483017921447754,3.3177198946475976
396,0.776688814163208,0.5852428078651428,2.5259838104248047,7.7668890953063965,2.522156000137329,2.6500000953674316,21223,0.4427115321159363,3.432507860660553
397,0.6611281037330627,0.48101967573165894,2.5259838104248047,6.611280918121338,1.3137848377227783,2.6500000953674316,21263,0.4390001893043518,3.9480045735836033
398,0.7946322560310364,0.6670937538146973,2.5270025730133057,7.946321964263916,2.5259838104248047,2.6500000953674316,21304,0.44432955980300903,2.4511422157287597
399,0.6876019239425659,0.4981617033481598,2.6500000953674316,6.876019477844238,1.3156987428665161,2.6500000953674316,21349,0.4518645107746124,4.001334273815155
400,0.7111839652061462,0.5152433514595032,2.5259838104248047,7.111839294433594,1.6801939010620117,2.6500000953674316,21391,0.4449997842311859,3.7580739319324494
401,0.693340003490448,0.3009219169616699,1.2629919052124023,6.933399677276611,1.2629919052124023,2.6500000953674316,21428,0.43314918875694275,0.40830428600311275
402,0.6942911744117737,0.4971177279949188,2.5004656314849854,6.942911624908447,1.2629919052124023,2.6500000953674316,21467,0.4350939393043518,3.8022087335586545
403,0.8319084644317627,0.6291274428367615,2.6500000953674316,8.319085121154785,2.522156000137329,2.6500000953674316,21505,0.4364511966705322,3.091358381509781
404,0.7175072431564331,0.4382050335407257,2.5259838104248047,7.17507266998291,1.2629919052124023,2.6500000953674316,21545,0.44305506348609924,3.796291118860244
405,0.7225063443183899,0.4618596136569977,2.4755964279174805,7.225064277648926,1.3156987428665161,2.6500000953674316,21586,0.44068413972854614,3.594730448722839
406,0.8185603022575378,0.5936381816864014,2.5259838104248047,8.185603141784668,2.518425703048706,2.6500000953674316,21629,0.4442439377307892,3.2745292544364926
407,0.7805435657501221,0.5775986313819885,2.5259838104248047,7.805435657501221,2.5004656314849854,2.6500000953674316,21675,0.4529440999031067,3.414081293344497
408,0.8591960072517395,0.5610436201095581,2.5259838104248047,8.591959953308105,2.377992868423462,2.6500000953674316,21716,0.4423021078109741,3.273945677280426
409,0.7257456183433533,0.5663959980010986,2.5259838104248047,7.2574567794799805,2.379070281982422,2.6500000953674316,21755,0.43509387969970703,3.619697350263595
410,0.7556501626968384,0.5831175446510315,2.5259838104248047,7.556501388549805,2.4944117069244385,2.6500000953674316,21793,0.43584686517715454,3.4729087173938753
411,0.676461398601532,0.4972192049026489,2.6500000953674316,6.764614105224609,1.4757626056671143,2.6500000953674316,21840,0.4554271996021271,4.0529784798622135
412,0.816719114780426,0.530547559261322,2.5259838104248047,8.167190551757812,2.377992868423462,2.6500000953674316,21883,0.44789236783981323,3.4748860001564035
413,0.6272249221801758,0.3937113881111145,2.5259838104248047,6.272249221801758,1.2556554079055786,2.6500000953674316,21921,0.43543750047683716,3.7693362593650814
414,0.8232319355010986,0.5987467169761658,2.5259838104248047,8.232317924499512,2.522156000137329,2.6500000953674316,21964,0.44728803634643555,3.220263695716857
415,0.740139901638031,0.5827600955963135,2.5259838104248047,7.401399612426758,2.522156000137329,2.6500000953674316,22004,0.44001394510269165,3.552000027894974
416,0.872402012348175,0.6971042156219482,2.5259838104248047,8.724020004272461,2.5259838104248047,2.6500000953674316,22046,0.4449997544288635,0.32386470437049864
417,0.832810640335083,0.6107075810432434,2.5259838104248047,8.328105926513672,2.5004656314849854,2.6500000953674316,22084,0.43787431716918945,3.0116253733634943
418,0.810982882976532,0.6041808724403381,2.5259838104248047,8.10982894897461,2.5004656314849854,2.6500000953674316,22115,0.42185676097869873,3.259943383932114
419,0.8648906350135803,0.6510733962059021,2.5259838104248047,8.648905754089355,2.5004656314849854,2.6500000953674316,22146,0.4129447937011719,2.269707840681076
420,0.7900952696800232,0.618543803691864,2.5259838104248047,7.90095329284668,2.5259838104248047,2.6500000953674316,22183,0.43153116106987,3.1423015832901
421,0.8037749528884888,0.6017558574676514,2.5259838104248047,8.037750244140625,2.5004656314849854,2.6500000953674316,22226,0.44383445382118225,3.226659321784973
422,0.8245494961738586,0.6126396059989929,2.6500000953674316,8.245494842529297,2.522156000137329,2.6500000953674316,22267,0.44128841161727905,3.170487648248672
423,0.8414357900619507,0.613956868648529,2.5259838104248047,8.414358139038086,2.5004656314849854,2.6500000953674316,22306,0.43914884328842163,2.980478721857071
424,0.917937695980072,0.67201167345047,2.5259838104248047,9.179377555847168,2.522156000137329,2.6500000953674316,22352,0.45272955298423767,0.30699671506881715
425,0.8596982955932617,0.5663170218467712,2.6500000953674316,8.596983909606934,2.5259838104248047,2.6500000953674316,22390,0.43543741106987,3.510714316368103
426,0.7488486766815186,0.45325925946235657,2.5259838104248047,7.488487720489502,1.3884414434432983,2.6500000953674316,22430,0.43475040793418884,3.650886702537537
427,0.8774457573890686,0.6264542937278748,2.6500000953674316,8.774457931518555,2.5259838104248047,2.6500000953674316,22468,0.4348331391811371,2.999262315034866
428,0.7863675951957703,0.6212117671966553,2.5259838104248047,7.863676071166992,2.496735095977783,2.6500000953674316,22511,0.4489060342311859,3.0692085444927217
429,0.9241613745689392,0.7461655735969543,2.536757707595825,9.24161434173584,2.522156000137329,2.6500000953674316,22553,0.44135433435440063,0.2909530878067017
430,0.7729331254959106,0.46487268805503845,2.5259838104248047,7.729330539703369,1.3250000476837158,2.6500000953674316,22586,0.42339199781417847,3.565550404787063
431,0.7160396575927734,0.5479620099067688,2.5259838104248047,7.160397052764893,2.3436877727508545,2.6500000953674316,22628,0.44135433435440063,3.67566619515419
432,0.7771438360214233,0.585674524307251,2.5259838104248047,7.7714385986328125,2.5004656314849854,2.6500000953674316,22669,0.4368438124656677,3.413603281974792
433,0.7344891428947449,0.4376356303691864,2.5004656314849854,7.344891548156738,1.4690239429473877,2.6500000953674316,22707,0.43138256669044495,3.67848681807518
434,0.7209310531616211,0.6013412475585938,2.5259838104248047,7.209311008453369,2.522156000137329,2.6500000953674316,22746,0.4387394189834595,3.4985872983932493
435,0.9610796570777893,0.7006160616874695,2.5259838104248047,9.610795021057129,2.5259838104248047,2.6500000953674316,22780,0.42345792055130005,0.22244207859039308
436,0.8560653924942017,0.6223575472831726,2.5259838104248047,8.560653686523438,2.5259838104248047,2.6500000953674316,22811,0.417392373085022,2.9069693505764005
437,0.8027805685997009,0.6190235018730164,2.5259838104248047,8.02780532836914,2.522156000137329,2.6500000953674316,22843,0.41197729110717773,3.0675693094730376
438,0.9166544675827026,0.7260511517524719,2.6500000953674316,9.166543960571289,2.5259838104248047,2.6500000953674316,22885,0.44459038972854614,0.9202769994735719
439,0.9536467790603638,0.7447025179862976,2.5579915046691895,9.536467552185059,2.5259838104248047,2.6500000953674316,22922,0.4258582890033722,0.2147761046886444
440,0.8759611248970032,0.6634975075721741,2.5579915046691895,8.759610176086426,2.5259838104248047,2.6500000953674316,22957,0.42857274413108826,2.248765486478805
441,0.7623879909515381,0.5599226355552673,2.5259838104248047,7.623880386352539,2.522156000137329,2.6500000953674316,22991,0.42406225204467773,3.5510013043880457
442,0.7874462008476257,0.505099356174469,2.5132246017456055,7.874461650848389,1.6602882146835327,2.6500000953674316,23024,0.42136454582214355,3.5365553975105284
443,0.9148349761962891,0.6451321840286255,2.5579915046691895,9.14834976196289,2.5259838104248047,2.6500000953674316,23059,0.4295864701271057,2.155204546451569
444,0.7539008855819702,0.5443289875984192,2.5259838104248047,7.539008140563965,2.297114133834839,2.6500000953674316,23092,0.41873279213905334,3.619897806644439
445,0.8994016647338867,0.7561382055282593,2.5259838104248047,8.994016647338867,2.5259838104248047,2.6500000953674316,23129,0.4305174946784973,0.16141082048416133
446,0.904043436050415,0.6700442433357239,2.5259838104248047,9.040433883666992,2.5259838104248047,2.6500000953674316,23171,0.4435766637325287,0.32386470437049864
447,1.0039385557174683,0.7648656368255615,2.6500000953674316,10.039385795593262,2.5259838104248047,2.6500000953674316,23205,0.4246635437011719,0.6544896304607392
448,0.8942818641662598,0.7701340317726135,2.6500000953674316,8.942819595336914,2.5259838104248047,2.6500000953674316,23239,0.4232434034347534,0.8871376454830169
449,0.9393038749694824,0.7548502087593079,2.5259838104248047,9.393038749694824,2.5259838104248047,2.6500000953674316,23272,0.42602378129959106,0.10000118613243103
450,0.795774519443512,0.638732373714447,2.5259838104248047,7.957745552062988,2.5259838104248047,2.6500000953674316,23302,0.41713160276412964,3.061612552404403
451,0.8971189260482788,0.7443758845329285,2.6500000953674316,8.971189498901367,2.5259838104248047,2.6500000953674316,23339,0.4290943145751953,1.0127502560615536
452,0.898614764213562,0.7555064558982849,2.6500000953674316,8.9861478805542,2.5259838104248047,2.6500000953674316,23366,0.4050034284591675,0.8556553184986114
453,0.9170262217521667,0.6654427647590637,2.5259838104248047,9.17026138305664,2.5004656314849854,2.6500000953674316,23392,0.4016985297203064,0.4533239424228669
454,0.8926048278808594,0.726584792137146,2.530384063720703,8.926047325134277,2.5259838104248047,2.6500000953674316,23420,0.40485483407974243,0.1752826392650604
455,0.8447526097297668,0.6266843676567078,2.6500000953674316,8.447526931762695,2.5259838104248047,2.6500000953674316,23453,0.417114794254303,3.0219304919242855
456,1.1931003332138062,0.8123162388801575,2.5259838104248047,11.931002616882324,2.5259838104248047,2.6500000953674316,23484,0.41982927918434143,0.10000118613243103
457,0.9008785486221313,0.7306222915649414,2.6500000953674316,9.008784294128418,2.5259838104248047,2.6500000953674316,23519,0.42229557037353516,1.0467293918132783
458,1.2038027048110962,0.8620433807373047,2.5259838104248047,12.038026809692383,2.5259838104248047,2.6500000953674316,23545,0.3998659551143646,0.10000118613243103
459,0.9103749394416809,0.6938223838806152,2.5259838104248047,9.10374927520752,2.5259838104248047,2.6500000953674316,23577,0.4156257212162018,0.12256616950035093
460,0.9461814165115356,0.7241271734237671,2.6500000953674316,9.461812973022461,2.5259838104248047,2.6500000953674316,23607,0.41115131974220276,0.7771926581859587
461,1.1304336786270142,0.793861448764801,2.5259838104248047,11.304339408874512,2.5259838104248047,2.6500000953674316,23634,0.4035744071006775,0.10000118613243103
462,0.9282377362251282,0.7386569976806641,2.5579915046691895,9.282376289367676,2.5259838104248047,2.6500000953674316,23665,0.41536492109298706,0.21430758237838748
463,1.0661770105361938,0.7314220666885376,2.5259838104248047,10.66176986694336,2.5259838104248047,2.6500000953674316,23694,0.4033026695251465,0.10000118613243103
464,0.9318646192550659,0.7041447758674622,2.6500000953674316,9.318646430969238,2.5259838104248047,2.6500000953674316,23724,0.4094312787055969,0.9039747953414917
465,1.1586140394210815,0.8275383710861206,2.5579915046691895,11.586140632629395,2.5259838104248047,2.6500000953674316,23751,0.4019622802734375,0.13575003147125242
466,1.2068397998809814,0.9247625470161438,2.6500000953674316,12.068395614624023,2.5259838104248047,2.6500000953674316,23781,0.41085439920425415,0.44236526489257816
467,1.2355774641036987,0.849263608455658,2.6500000953674316,12.35577392578125,2.5259838104248047,2.6500000953674316,23803,0.384240984916687,0.48974769711494437
468,1.2171307802200317,0.9118839502334595,2.536757707595825,12.171306610107422,2.5259838104248047,2.6500000953674316,23829,0.398250937461853,0.10000118613243103
469,1.1403944492340088,0.9151433110237122,2.6500000953674316,11.40394401550293,2.5259838104248047,2.6500000953674316,23859,0.4041678309440613,0.47273855805397036
470,1.2846254110336304,0.914092481136322,2.6500000953674316,12.846254348754883,2.6500000953674316,2.6500000953674316,23884,0.3935454487800598,0.3739266097545624
471,1.188852071762085,0.8878459334373474,2.6500000953674316,11.888522148132324,2.5259838104248047,2.6500000953674316,23908,0.39671266078948975,0.4639647364616394
472,1.249284267425537,0.8418139815330505,2.6500000953674316,12.492842674255371,2.535801649093628,2.6500000953674316,23933,0.3846108913421631,0.47967980504035945
473,1.3232449293136597,0.8849425911903381,2.6500000953674316,13.23244857788086,2.6313974857330322,2.6500000953674316,23952,0.3789972960948944,0.41354461908340456
474,1.5610195398330688,0.913127064704895,2.6500000953674316,15.610193252563477,2.6500000953674316,2.6500000953674316,23972,0.38279101252555847,0.32178541421890267
475,1.4951826333999634,0.9740123748779297,2.6500000953674316,14.951827049255371,2.6361987590789795,2.6500000953674316,23989,0.3709898889064789,0.35217531323432927
476,1.3976430892944336,0.8934093117713928,2.6500000953674316,13.97642993927002,2.6330134868621826,2.6500000953674316,24010,0.38680973649024963,0.3849410355091095
477,1.1685073375701904,0.844768226146698,2.6500000953674316,11.685073852539062,2.5259838104248047,2.6500000953674316,24024,0.3628969192504883,0.5252723634243012
478,1.3593143224716187,0.909783661365509,2.6500000953674316,13.593143463134766,2.5259838104248047,2.6500000953674316,24045,0.3817608058452606,0.4063756346702576
479,1.5930571556091309,0.9428309798240662,2.6500000953674316,15.930570602416992,2.6361987590789795,2.6500000953674316,24067,0.3816121816635132,0.33110129833221436
480,1.7548208236694336,0.9388135075569153,2.6500000953674316,17.548208236694336,2.5259838104248047,2.6500000953674316,24090,0.390973836183548,0.3194463610649109
481,1.8085596561431885,0.918870210647583,2.6500000953674316,18.085596084594727,2.6500000953674316,2.6500000953674316,24108,0.36456403136253357,0.10000118613243103
482,1.5080065727233887,0.9861268997192383,2.6500000953674316,15.08006477355957,2.5268497467041016,2.6500000953674316,24123,0.3629598617553711,0.37554686665534975
483,1.6681019067764282,0.8882939219474792,2.6500000953674316,16.681018829345703,2.5268497467041016,2.6500000953674316,24138,0.36274829506874084,0.35646792650222786
484,2.012861967086792,0.8212447166442871,2.6500000953674316,20.128618240356445,2.6500000953674316,2.6500000953674316,24161,0.38268885016441345,0.2675056219100952
485,1.759856104850769,0.9238125085830688,2.6500000953674316,17.59855842590332,2.6500000953674316,2.6500000953674316,24172,0.34813404083251953,0.10000118613243103
486,1.8431657552719116,0.912095844745636,2.6500000953674316,18.431657791137695,2.6500000953674316,2.6500000953674316,24181,0.3344251811504364,0.10000118613243103
487,1.9002742767333984,0.8911400437355042,2.6500000953674316,19.002742767333984,2.6500000953674316,2.6500000953674316,24191,0.3384230136871338,0.10000118613243103
488,1.9904779195785522,0.8847474455833435,2.6500000953674316,19.9047794342041,2.6500000953674316,2.6500000953674316,24207,0.3561970889568329,0.10000118613243103
489,2.0721938610076904,0.8433159589767456,2.6500000953674316,20.72193717956543,2.6500000953674316,2.6500000953674316,24215,0.32138553261756897,0.10000118613243103
490,1.8561108112335205,0.898558497428894,2.6500000953674316,18.561107635498047,2.6500000953674316,2.6500000953674316,24227,0.33726394176483154,0.2576085329055787
491,2.0963082313537598,0.8030276894569397,2.6500000953674316,20.963083267211914,2.6500000953674316,2.6500000953674316,24236,0.3235669732093811,0.10000118613243103
492,2.318483591079712,0.6506814956665039,2.6500000953674316,23.184833526611328,2.6500000953674316,2.6500000953674316,24247,0.3262530267238617,0.10000118613243103
493,2.2182767391204834,0.7182232737541199,2.6500000953674316,22.18276596069336,2.6500000953674316,2.6500000953674316,24258,0.31550753116607666,0.10000118613243103
494,2.4214982986450195,0.4818071722984314,2.6500000953674316,24.214982986450195,2.6500000953674316,2.6500000953674316,24262,0.2922915816307068,0.10000118613243103
495,2.413775682449341,0.5038588047027588,2.6500000953674316,24.13775634765625,2.6500000953674316,2.6500000953674316,24266,0.2769525647163391,0.10000118613243103
496,2.460988998413086,0.4429917633533478,2.6500000953674316,24.60988998413086,2.6500000953674316,2.6500000953674316,24271,0.2662508189678192,0.10000118613243103
497,2.4645919799804688,0.38974955677986145,2.6500000953674316,24.64592170715332,2.6500000953674316,2.6500000953674316,24276,0.26871952414512634,0.10000118613243103
498,2.4833967685699463,0.3922920227050781,2.6500000953674316,24.833969116210938,2.6500000953674316,2.6500000953674316,24276,0.23547910153865814,0.10000118613243103
499,2.498185396194458,0.352073609828949,2.6500000953674316,24.981853485107422,2.6500000953674316,2.6500000953674316,24280,0.2440166026353836,0.10000118613243103
500,2.4595627784729004,0.46721118688583374,2.6500000953674316,24.595626831054688,2.6500000953674316,2.6500000953674316,24284,0.2395516037940979,0.10000118613243103
