source_id,source_label,target_id,target_label,relationship,claim_id,claim_epistemic,claim_assay,claim_condition,claim_failure_condition
tensor_source:shear_stress > condition p90,shear_stress > condition p90,claim:HDX-MS:glp1r_6XOX_WT:144,Predicted shear-associated exposure asymmetry at ASN182:144,supports_projected_claim,claim:HDX-MS:glp1r_6XOX_WT:144,PROJECTED,HDX-MS,glp1r_6XOX_WT,Falsification Condition: Lack of WT-normalized uptake asymmetry in the targeted peptide window.
claim:HDX-MS:glp1r_6XOX_WT:144,Predicted shear-associated exposure asymmetry at ASN182:144,assay:HDX-MS:glp1r_6XOX_WT:ASN182:144,HDX-MS,requires_falsification_by,claim:HDX-MS:glp1r_6XOX_WT:144,PROJECTED,HDX-MS,glp1r_6XOX_WT,Falsification Condition: Lack of WT-normalized uptake asymmetry in the targeted peptide window.
tensor_source:shear_stress > condition p90,shear_stress > condition p90,claim:HDX-MS:glp1r_6X1A_WT:333,Predicted shear-associated exposure asymmetry at PHE367:333,supports_projected_claim,claim:HDX-MS:glp1r_6X1A_WT:333,PROJECTED,HDX-MS,glp1r_6X1A_WT,Falsification Condition: Lack of WT-normalized uptake asymmetry in the targeted peptide window.
claim:HDX-MS:glp1r_6X1A_WT:333,Predicted shear-associated exposure asymmetry at PHE367:333,assay:HDX-MS:glp1r_6X1A_WT:PHE367:333,HDX-MS,requires_falsification_by,claim:HDX-MS:glp1r_6X1A_WT:333,PROJECTED,HDX-MS,glp1r_6X1A_WT,Falsification Condition: Lack of WT-normalized uptake asymmetry in the targeted peptide window.
tensor_source:shear_stress > condition p90,shear_stress > condition p90,claim:HDX-MS:glp1r_6XOX_A316T:144,Predicted shear-associated exposure asymmetry at ASN182:144,supports_projected_claim,claim:HDX-MS:glp1r_6XOX_A316T:144,PROJECTED,HDX-MS,glp1r_6XOX_A316T,Falsification Condition: Lack of WT-normalized uptake asymmetry in the targeted peptide window.
claim:HDX-MS:glp1r_6XOX_A316T:144,Predicted shear-associated exposure asymmetry at ASN182:144,assay:HDX-MS:glp1r_6XOX_A316T:ASN182:144,HDX-MS,requires_falsification_by,claim:HDX-MS:glp1r_6XOX_A316T:144,PROJECTED,HDX-MS,glp1r_6XOX_A316T,Falsification Condition: Lack of WT-normalized uptake asymmetry in the targeted peptide window.
tensor_source:shear_stress > condition p90,shear_stress > condition p90,claim:HDX-MS:glp1r_6X1A_WT:148,Predicted shear-associated exposure asymmetry at ASN182:148,supports_projected_claim,claim:HDX-MS:glp1r_6X1A_WT:148,PROJECTED,HDX-MS,glp1r_6X1A_WT,Falsification Condition: Lack of WT-normalized uptake asymmetry in the targeted peptide window.
claim:HDX-MS:glp1r_6X1A_WT:148,Predicted shear-associated exposure asymmetry at ASN182:148,assay:HDX-MS:glp1r_6X1A_WT:ASN182:148,HDX-MS,requires_falsification_by,claim:HDX-MS:glp1r_6X1A_WT:148,PROJECTED,HDX-MS,glp1r_6X1A_WT,Falsification Condition: Lack of WT-normalized uptake asymmetry in the targeted peptide window.
tensor_source:shear_stress > condition p90,shear_stress > condition p90,claim:HDX-MS:glp1r_5VEX_WT:46,Predicted shear-associated exposure asymmetry at ASN182:46,supports_projected_claim,claim:HDX-MS:glp1r_5VEX_WT:46,PROJECTED,HDX-MS,glp1r_5VEX_WT,Falsification Condition: Lack of WT-normalized uptake asymmetry in the targeted peptide window.
claim:HDX-MS:glp1r_5VEX_WT:46,Predicted shear-associated exposure asymmetry at ASN182:46,assay:HDX-MS:glp1r_5VEX_WT:ASN182:46,HDX-MS,requires_falsification_by,claim:HDX-MS:glp1r_5VEX_WT:46,PROJECTED,HDX-MS,glp1r_5VEX_WT,Falsification Condition: Lack of WT-normalized uptake asymmetry in the targeted peptide window.
tensor_source:hysteresis_ratio < 0.5,hysteresis_ratio < 0.5,claim:WASHOUT:glp1r_6LN2_A316T,Predicted persistent recovery impairment signature in 6LN2_A316T.,supports_projected_claim,claim:WASHOUT:glp1r_6LN2_A316T,PROJECTED,Washout_Recovery_Assay,glp1r_6LN2_A316T,Falsification Condition: No WT-normalized recovery impairment after 4-hour washout relative to matched WT control.
claim:WASHOUT:glp1r_6LN2_A316T,Predicted persistent recovery impairment signature in 6LN2_A316T.,assay:Washout_Recovery_Assay:glp1r_6LN2_A316T:variant_level:None,Washout_Recovery_Assay,requires_falsification_by,claim:WASHOUT:glp1r_6LN2_A316T,PROJECTED,Washout_Recovery_Assay,glp1r_6LN2_A316T,Falsification Condition: No WT-normalized recovery impairment after 4-hour washout relative to matched WT control.
tensor:hysteresis_tensor,hysteresis_tensor.parquet,claim:HYSTERESIS:6LN2_A316T,Elevated thermal hysteresis asymmetry consistent with persistent recovery impairment signature,supports_inference,claim:HYSTERESIS:6LN2_A316T,INFERRED,,,Falsified if matched WT-normalized washout assay shows no recovery asymmetry.
claim:HYSTERESIS:6LN2_A316T,Elevated thermal hysteresis asymmetry consistent with persistent recovery impairment signature,assay:washout_recovery,Washout recovery assay,requires_falsification_by,claim:HYSTERESIS:6LN2_A316T,INFERRED,,,Falsified if matched WT-normalized washout assay shows no recovery asymmetry.
tensor:fragment_interference_attribution,fragment_interference_attribution.parquet,claim:COUPLING:ALENI-PARENT,Positive inter-fragment coupling in projected scaffold-field scoring,supports_projected_claim,claim:COUPLING:ALENI-PARENT,PROJECTED,,,Falsified if matched analog controls do not show differential target engagement or orthogonal structural response.
claim:COUPLING:ALENI-PARENT,Positive inter-fragment coupling in projected scaffold-field scoring,assay:matched_analog_controls,Matched analog controls,requires_falsification_by,claim:COUPLING:ALENI-PARENT,PROJECTED,,,Falsified if matched analog controls do not show differential target engagement or orthogonal structural response.
