residue_position,human_aa,nhp_aa,rat_aa,mouse_aa,dog_aa,conservation_score,pocket_contact,allosteric_relevance,note
131,R,R,R,R,R,1.00,no,low,fully_conserved_ECD
141,L,L,L,L,L,1.00,no,low,fully_conserved
149,T,T,T,T,T,1.00,yes,moderate,TM1_pocket_boundary_conserved_but_T149M_human_SNP_reduces_binding
168,G,G,G,G,G,1.00,yes,high,direct_GLP1_contact_conserved_across_species
182,N,N,N,N,N,1.00,no,critical,ASN182_no_fly_zone_fully_conserved
190,R,R,H,H,Q,0.60,no,high,non_conserved_TM2_explains_species_selectivity
226,C,C,C,C,C,1.00,no,moderate,disulfide_bond_conserved
233,L,L,V,V,L,0.80,no,moderate,TM3_relay_partially_conserved
257,F,F,Y,Y,F,0.80,no,low,TM4_lipid_facing
291,Y,Y,Y,Y,Y,1.00,yes,high,ECL2_pocket_lid_conserved
305,L,L,L,L,L,1.00,no,high,TM5_helix_packing_conserved
316,A,A,A,A,A,1.00,no,high,constitutive_activation_switch_conserved
328,I,I,V,V,I,0.80,no,high,ICL3_G_protein_contact
330,K,K,R,R,K,0.80,no,high,ICL3_charge_conserved_but_sidechain_differs
339,M,M,L,L,M,0.80,no,high,TM6_top_partially_conserved
344,D,D,D,D,D,1.00,no,high,TM6_conserved
349,V,V,I,I,V,0.80,no,high,TM6_activation_relay
352,L,L,F,F,L,0.80,no,high,TM6_non_conserved_in_rodent_explains_selectivity
356,P,P,P,P,P,1.00,no,critical,TM6_proline_kink_absolutely_conserved
380,F,F,F,F,F,1.00,no,high,TM7_conserved
384,Y,Y,Y,Y,Y,1.00,no,high,TM7_NPxxY_conserved
405,R,R,K,K,R,0.80,no,moderate,Helix8_charge_conserved
421,R,R,R,R,R,1.00,no,moderate,C_terminal_conserved
