domain_name,domain_type,residue_start,residue_end,ballesteros_weinstein_start,structural_role,pdb_6xox_resolved,notes
Signal_Peptide,signal,1,23,,cleaved_during_maturation,no,not_present_in_mature_receptor
N_Terminal_ECD,extracellular,24,144,,GLP1_peptide_binding_initial_contact,yes,orthosteric_pocket_component
TM1,transmembrane,145,170,1.29-1.54,structural_anchor,yes,first_TM_helix
ICL1,intracellular_loop,171,175,,short_loop,yes,minimal_signaling_role
TM2,transmembrane,176,199,2.39-2.62,contains_ASN182_no_fly_zone,yes,allosteric_wire_component
ECL1,extracellular_loop,200,206,,ligand_access_modulator,yes,connects_TM2_TM3
TM3,transmembrane,207,236,3.25-3.54,disulfide_anchor_C226_critical,yes,conserved_disulfide_TM3_ECL2
ICL2,intracellular_loop,237,253,,G_protein_coupling_determinant,yes,contacts_Gs_alpha_subunit
TM4,transmembrane,254,277,4.39-4.62,structural_scaffold,yes,lipid_facing_helix
ECL2,extracellular_loop,278,293,,orthosteric_pocket_lid,yes,constrains_ligand_egress
TM5,transmembrane,294,319,5.35-5.60,contains_A316_constitutive_activation_switch,yes,major_allosteric_relay
ICL3,intracellular_loop,320,338,,G_protein_selectivity_determinant,yes,Gs_vs_Gi_coupling_switch
TM6,transmembrane,339,365,6.35-6.61,P356_conserved_kink_activation_pivot,yes,outward_movement_required_for_Gs_coupling
ECL3,extracellular_loop,366,373,,connects_TM6_TM7,yes,minor_structural_role
TM7,transmembrane,374,403,7.32-7.61,signal_integration_convergence,yes,NPxxY_motif_region
Helix_8,intracellular,404,418,,amphipathic_helix_membrane_parallel,yes,beta_arrestin_coupling_determinant
C_Terminal_Tail,intracellular,419,463,,phosphorylation_sites_scaffolding,partial,GRK_phosphorylation_targets
