pocket_id,cv_volume,cv_sasa,open_frequency,mean_volume,mean_sasa,n_residues,is_cryptic
merged_res_[0, 1, 2, 3, 4],0.2395,0.6733,0.1936,481.41,96535.66,177,true
merged_res_[42, 44, 45, 46, 47],0.2023,0.7059,0.1300,536.88,72159.58,39,true
merged_res_[133, 145, 146, 147, 148],0.2653,0.6724,0.4600,405.15,212574.82,16,true
merged_res_[44, 45, 46, 47, 48],0.2048,0.8294,0.1560,511.83,99358.76,50,true
merged_res_[17, 37, 38, 39, 40],0.2904,0.8085,0.1800,465.96,168563.87,66,true
merged_res_[21, 23, 24, 25, 26],0.3251,0.8962,0.1600,444.79,79283.24,62,true
merged_res_[0, 1, 2, 4, 5],0.1376,0.7194,0.1600,552.27,103922.88,39,false
merged_res_[20, 21, 22, 23, 24],0.2075,0.7139,0.1533,488.76,86833.47,53,true
merged_res_[14, 15, 16, 17, 35],0.2939,0.5102,0.5000,372.20,137643.96,10,true
merged_res_[45, 46, 47, 48, 49],0.2541,0.8424,0.1760,480.21,72889.85,54,true
merged_res_[40, 41, 42, 43, 48],0.1878,0.7233,0.1900,337.35,41143.68,26,false
merged_res_[53, 54, 55, 56, 57],0.2643,0.6326,0.1400,462.50,71147.61,54,true
merged_res_[4, 5, 6, 7, 8],0.1589,0.7174,0.1400,528.72,188123.92,71,false
merged_res_[16, 35, 39, 40, 41],0.1541,0.6094,0.2550,539.65,135438.38,59,false
merged_res_[5, 6, 7, 8, 9],0.2523,0.5586,0.1667,461.45,167233.72,57,true
merged_res_[0, 2, 3, 4, 5],0.1875,0.7020,0.1600,526.85,101740.98,108,false
merged_res_[5, 19, 20, 21, 22],0.2345,0.8982,0.2000,507.97,100690.66,49,true
