epoch,reward_mean,reward_std,reward_max,scaled_reward_mean,reward_p95,effective_reward_mean,effective_reward_std,consensus_bonus_mean,consensus_bonus_std,pi_complement_std,pi_clash_pocket_std,top_reward_seen,unique_smiles_generated,diversity_bonus_mean,temperature,lock_geo_positive,lock_proj_gt_05
1,4.437206268310547,3.576314926147461,24.441265106201172,13.841508865356445,8.243720054626465,1.384150743484497,2.103541612625122,0.15941046070451811,0.02912987730742285,1.283534548619553,0.7666761964998329,24.441265106201172,64,0.5,20.0,3,64
2,4.289863586425781,2.3968334197998047,17.961822509765625,11.544022560119629,7.889745712280273,1.154402256011963,0.684132993221283,0.1579970807529425,0.014955970349639566,1.179144121545369,0.6887293832426666,24.441265106201172,122,0.48627060651779175,5.410465532541277,0,64
3,4.624167442321777,3.3845789432525635,17.961822509765625,13.503725051879883,12.470643043518066,1.350372552871704,1.6508796215057373,0.1570595643685829,0.01571137488737661,1.3331705629813464,0.7501755543782322,24.441265106201172,181,0.48653143644332886,18.871703386306766,2,64
4,4.648993492126465,2.9616715908050537,17.961822509765625,13.461404800415039,8.729525566101074,1.3461406230926514,1.1634149551391602,0.15830450241871194,0.019273597357224496,1.3834082403162848,0.8168449870761987,24.441265106201172,235,0.47388169169425964,14.925570076704025,2,64
5,4.027553558349609,2.2384212017059326,17.961822509765625,10.900535583496094,6.789883136749268,1.0900535583496094,0.5803413391113281,0.16244629544395234,0.025053712805797615,1.1280341029862528,0.7444190107215549,24.441265106201172,290,0.4773755371570587,5.722420734167098,0,64
6,3.9241509437561035,2.1834282875061035,17.961822509765625,9.893855094909668,5.8616108894348145,0.9893853664398193,0.5798879265785217,0.15844829946891076,0.01692153108966072,1.0680004681646913,0.7781219914363253,24.441265106201172,341,0.463863343000412,5.970833635330201,1,64
7,4.379884719848633,2.4166340827941895,13.579421997070312,14.111347198486328,9.242265701293945,1.4111347198486328,1.645493984222412,0.1606232441157464,0.03943741190298451,1.197327753791751,0.7797933582228292,24.441265106201172,392,0.4672089219093323,20.0,5,64
8,4.4919304847717285,3.4249329566955566,24.441265106201172,13.093494415283203,7.903270244598389,1.3093494176864624,2.0151262283325195,0.1594575588318622,0.022679651774016957,1.2561372772810302,0.8143875564621013,24.441265106201172,440,0.4608169198036194,20.0,3,64
9,5.327535629272461,5.246097564697266,35.30098342895508,20.15035629272461,13.090184211730957,2.015035390853882,4.143374919891357,0.15684843081272076,0.01127216078711881,1.290647699558249,0.7225333097827454,35.30098342895508,486,0.4483494162559509,20.0,5,64
10,4.187337875366211,2.205322504043579,14.689230918884277,12.514046669006348,7.95610237121582,1.2514047622680664,1.3070003986358643,0.16005045310360855,0.03583432539242391,1.0220947775891431,0.6791556327410507,35.30098342895508,531,0.4528781771659851,19.645253884792325,2,64
11,4.021849155426025,1.8732075691223145,14.50179672241211,12.451208114624023,5.970485687255859,1.245120644569397,1.2666122913360596,0.165358983198706,0.04519326280360172,1.0111681054602148,0.6828489860348973,35.30098342895508,577,0.45577070116996765,19.28426871299743,1,64
12,4.077779769897461,2.6438350677490234,17.961822509765625,11.255470275878906,9.576711654663086,1.1255468130111694,0.8236618638038635,0.16455938770752843,0.042399587053635265,1.2974396361199236,0.8219292096045413,35.30098342895508,625,0.45742711424827576,8.6957261800766,1,64
13,4.1969170570373535,2.1803083419799805,12.771815299987793,12.323762893676758,7.815883636474609,1.232376217842102,1.1866216659545898,0.1562666266575471,0.015851767752683914,0.909477013178453,0.5682715384913024,35.30098342895508,674,0.46161872148513794,13.016306078433992,3,64
14,3.502739906311035,1.6706815958023071,10.45302963256836,9.742900848388672,6.253780841827393,0.9742901921272278,0.5451410412788391,0.16451334347012103,0.033855428420106144,0.9051717723725149,0.6045982827541472,35.30098342895508,731,0.4816475808620453,2.501670271158219,1,64
15,4.096986770629883,2.227701425552368,16.135982513427734,11.99123764038086,7.783688545227051,1.1991238594055176,1.7191740274429321,0.1568727354055475,0.023372727571975362,1.0231690964840563,0.7488110057272295,35.30098342895508,788,0.4797929525375366,20.0,3,64
16,3.9141998291015625,1.644860029220581,8.33283519744873,11.032567024230957,6.82797908782959,1.1032565832138062,0.8203942775726318,0.1585684410082145,0.023577742078313823,0.9237269533660908,0.6837835797713877,35.30098342895508,841,0.4728020429611206,10.69617885351181,1,64
17,4.819458484649658,3.3480098247528076,17.961822509765625,13.927811622619629,11.624297142028809,1.392781138420105,1.8427070379257202,0.1570655426903501,0.02316693775145418,1.325456878778031,0.8187222751790736,35.30098342895508,894,0.4701577425003052,20.0,2,64
18,4.403000831604004,1.9403595924377441,11.252488136291504,11.861509323120117,7.94148588180542,1.1861510276794434,0.7776927351951599,0.15627351001810286,0.026291340561942735,0.9404900235382617,0.6776130740794635,35.30098342895508,955,0.49313533306121826,8.19001743197441,3,64
19,3.984041452407837,1.5141128301620483,9.006558418273926,11.104138374328613,6.729461669921875,1.110413908958435,0.5651078820228577,0.15486013153299363,0.014127606574133469,1.1100350149319616,0.7315997848680763,35.30098342895508,1016,0.4915173053741455,3.5334501028060914,2,64
20,4.015745162963867,1.6478320360183716,8.367034912109375,10.478079795837402,7.812985420227051,1.047808051109314,0.550216019153595,0.15469395496092847,0.015984700550693027,0.9514585842273956,0.6925067794646903,35.30098342895508,1075,0.4885588586330414,2.314225763082504,0,64
21,3.6592986583709717,1.5855803489685059,10.934085845947266,9.737030029296875,6.430667877197266,0.9737030267715454,0.44646361470222473,0.15836299703467682,0.022072240596743724,0.8569568250501305,0.6740117528382188,35.30098342895508,1137,0.4954235553741455,3.8428515613079073,0,64
22,3.8037478923797607,1.774794101715088,9.97335147857666,9.912481307983398,7.4140119552612305,0.9912480711936951,0.4278597831726074,0.1509928931359538,0.006979427994006146,0.9662265521087692,0.6947530103362153,35.30098342895508,1200,0.49609375,2.769788390398026,1,64
23,3.9451701641082764,1.5198899507522583,7.981016159057617,10.725435256958008,7.5586395263671875,1.0725435018539429,0.5152962803840637,0.1574927656727176,0.021113744474693597,0.9861095828431037,0.6654830035653867,35.30098342895508,1262,0.4954235553741455,1.7280450463294985,0,64
24,3.801675319671631,1.2959026098251343,7.384914398193359,9.891752243041992,5.772054672241211,0.9891753196716309,0.45635533332824707,0.1568594256814704,0.02056820094867013,0.6304450313072505,0.5612900710701391,35.30098342895508,1324,0.4954235553741455,4.836819863319397,2,64
25,3.6887733936309814,1.5593057870864868,8.399272918701172,9.42898178100586,7.513652324676514,0.9428980350494385,0.5025867223739624,0.1569335296697239,0.023408669717839357,0.8744417862270764,0.7042140069236156,35.30098342895508,1388,0.5,2.429101502895355,0,64
26,3.922736167907715,1.7174373865127563,9.97335147857666,10.220497131347656,7.289800643920898,1.0220495462417603,0.6114974021911621,0.1541951612832935,0.01245620278015613,1.0490881457246575,0.7691084677069684,35.30098342895508,1450,0.4954235553741455,3.496752351522446,3,64
27,4.300439357757568,2.0492491722106934,12.46886920928955,11.461198806762695,7.859862804412842,1.1461198329925537,0.9214572310447693,0.1533168340575117,0.015460877633791252,0.9162966819622343,0.6269470687197528,35.30098342895508,1513,0.4966980516910553,12.507120776176455,3,64
28,3.856459379196167,1.5191595554351807,8.369881629943848,10.550707817077637,7.107912540435791,1.0550706386566162,0.4650178551673889,0.15850226935430298,0.02470875362645645,0.7948810838735565,0.605075379178212,35.30098342895508,1577,0.5,2.1993452787399295,0,64
29,4.028402328491211,1.9138139486312866,8.30185317993164,11.198871612548828,7.806260585784912,1.119887113571167,0.718996524810791,0.1566591476982968,0.02541110235362135,1.0733590309747247,0.7737629050736345,35.30098342895508,1640,0.49771177768707275,6.226853203773498,2,64
30,3.9591259956359863,2.44514536857605,20.59013557434082,11.01722240447998,5.84066104888916,1.101722240447998,1.7584811449050903,0.1527109290533126,0.008940313715110693,0.8190839013800723,0.6910293181525674,35.30098342895508,1704,0.5,20.0,1,64
31,3.7642130851745605,1.7600841522216797,9.685853958129883,9.567262649536133,7.960564136505127,0.9567262530326843,0.4912862777709961,0.15713941810545207,0.01859278855592157,0.9791528146183311,0.6985988623650107,35.30098342895508,1767,0.49771177768707275,2.584180015325546,2,64
32,4.491854667663574,2.5277609825134277,14.199504852294922,13.731744766235352,10.11367416381836,1.3731744289398193,1.42664635181427,0.1560882170393019,0.012539365632315218,1.1658176784450474,0.7445692554501195,35.30098342895508,1830,0.49771177768707275,16.365203917026523,2,64
33,3.5813701152801514,1.5570014715194702,9.376411437988281,9.59334945678711,6.461524486541748,0.9593349099159241,0.48362067341804504,0.15518446002342903,0.012417966302785974,0.9682458365518543,0.7668062625736377,35.30098342895508,1894,0.5,2.8444791495800015,0,64
34,3.774831533432007,1.7419935464859009,9.982531547546387,9.745247840881348,7.528378009796143,0.9745247960090637,0.5025200247764587,0.15352640125468608,0.0093548986211118,0.9437293044088437,0.7333432613673792,35.30098342895508,1957,0.49771177768707275,2.5261556029319765,0,64
35,3.718529224395752,1.7389293909072876,10.384138107299805,9.381872177124023,6.953088283538818,0.9381872415542603,0.6881378889083862,0.16152134599607354,0.03563451041309067,0.9466996537313194,0.701610320581362,35.30098342895508,2016,0.48855888843536377,6.628718429803849,3,64
36,4.440738677978516,2.2051310539245605,11.617105484008789,11.31749153137207,8.437809944152832,1.1317492723464966,0.9818698167800903,0.1581063037066794,0.02302782438000494,1.0416145820311848,0.7279238330815512,35.30098342895508,2079,0.49771177768707275,13.411500495672227,1,64
37,3.889702796936035,1.595479130744934,9.022795677185059,10.151348114013672,6.736659049987793,1.0151349306106567,0.4593091607093811,0.16155215441194493,0.026724422950474343,0.9307045382397144,0.6926029557135076,35.30098342895508,2139,0.490847110748291,2.442077791690826,0,64
38,3.9091310501098633,1.959348201751709,12.463821411132812,10.34130859375,7.93886137008667,1.0341308116912842,0.6964982748031616,0.15408889906519274,0.012348718662411022,1.0182657975081948,0.6867939583479028,35.30098342895508,2200,0.49313533306121826,6.4441514790058125,2,64
39,3.868595600128174,1.713014006614685,8.922050476074219,9.935956001281738,7.321211338043213,0.993595540523529,0.4634878933429718,0.15460938397480323,0.01658659263308791,0.9596345332990055,0.6866696955615667,35.30098342895508,2261,0.4931353032588959,2.521514266729355,0,64
40,3.4387476444244385,1.443938136100769,8.34660530090332,9.09880542755127,6.274111270904541,0.909880518913269,0.4685986340045929,0.15910002525949948,0.02349245104511875,0.8770901375428868,0.6390576241175641,35.30098342895508,2321,0.49084708094596863,2.696486592292786,0,64
41,4.38149881362915,1.8226535320281982,10.960222244262695,10.68998908996582,7.418914318084717,1.0689986944198608,0.46670809388160706,0.15643186597477485,0.014908448550902864,1.0,0.7425264983655842,35.30098342895508,2382,0.49313533306121826,3.6124002635478973,0,64
42,3.8898258209228516,2.6260316371917725,20.59013557434082,12.335758209228516,7.864609241485596,1.2335758209228516,1.753859519958496,0.1558228859125807,0.016426575013977804,0.9185586535436918,0.638152944569865,35.30098342895508,2442,0.48983338475227356,20.0,1,64
43,4.105825424194336,1.9801716804504395,12.03708553314209,11.42546272277832,8.265403747558594,1.1425464153289795,1.2806562185287476,0.15718066317900697,0.022002322998729406,1.096759253152213,0.7296920910291582,35.30098342895508,2505,0.49771177768707275,18.46399645805359,2,64
44,3.923246145248413,1.7546522617340088,9.592741966247559,10.169961929321289,7.806999206542969,1.016996145248413,0.4903824031352997,0.15782482296969158,0.02582224440283433,0.9610327696676113,0.6706030930533996,35.30098342895508,2566,0.49313533306121826,2.418706238269806,0,64
45,3.9053566455841064,1.9644895792007446,9.99743938446045,9.928443908691406,8.315757751464844,0.9928443431854248,0.5710523724555969,0.15784355497021477,0.026957937439358218,1.0976492993552176,0.758896754754388,35.30098342895508,2628,0.4954235553741455,2.1156292378902433,0,64
46,3.523158550262451,1.5330435037612915,10.906599044799805,9.606587409973145,5.7576799392700195,0.9606587886810303,0.5016999244689941,0.15794059337293126,0.01982091369361878,0.7545435292281023,0.5268779270575322,35.30098342895508,2691,0.49771177768707275,3.7105693280696874,0,64
47,3.9508328437805176,2.073093891143799,14.689230918884277,11.519474983215332,7.888577938079834,1.1519474983215332,1.3297033309936523,0.15554451250642531,0.011488951682629783,0.8870542454523286,0.6427254874826724,35.30098342895508,2752,0.49313533306121826,19.841786539554597,2,64
48,3.8040053844451904,2.0637874603271484,12.304179191589355,10.644153594970703,7.818901538848877,1.0644153356552124,0.8420959711074829,0.15548103471252722,0.011924758204803754,1.0928567781278569,0.7062098559065701,35.30098342895508,2812,0.48983335494995117,10.77495939731598,1,64
49,3.83488392829895,1.6195071935653687,9.975593566894531,10.267007827758789,6.806385040283203,1.0267008543014526,0.5328460931777954,0.16824703590446366,0.03852171064489215,0.8881544681951445,0.626111240595217,35.30098342895508,2871,0.48855888843536377,4.4107646524906166,1,64
50,3.866475820541382,1.5977991819381714,9.95349407196045,10.89677906036377,6.328818321228027,1.0896779298782349,0.4964732229709625,0.1584388742534004,0.027069292681057976,0.8510964894622701,0.607936184904628,35.30098342895508,2933,0.4954235553741455,1.9773558497428894,2,64
51,3.954902410507202,2.0174617767333984,10.765189170837402,10.85582160949707,8.018818855285645,1.0855822563171387,0.6293034553527832,0.1544296993762559,0.013650946048274024,0.9661002066944194,0.6476079215746822,35.30098342895508,2996,0.49771177768707275,4.0865934729576106,1,64
52,4.077467918395996,1.9761275053024292,12.495828628540039,12.058926582336426,8.051798820495605,1.2058926820755005,0.6825968027114868,0.15736336670023662,0.011452307944885203,1.096759253152213,0.7225907007038058,35.30098342895508,3057,0.49313533306121826,5.930563253164291,2,64
53,3.63071346282959,1.4601857662200928,8.861710548400879,9.764984130859375,5.94244384765625,0.9764984250068665,0.5215350389480591,0.1574226097621916,0.015038079146887274,0.9226691494652891,0.5944680896455737,35.30098342895508,3119,0.4954235553741455,3.482347959280014,0,64
54,4.103403568267822,1.7669870853424072,8.898839950561523,11.182852745056152,7.398856163024902,1.1182854175567627,0.9321742653846741,0.15742490840867643,0.015351100487793807,0.8715052979615213,0.6600492870742022,35.30098342895508,3180,0.49313533306121826,11.878455168008808,3,64
55,4.041045665740967,1.6442607641220093,9.24238395690918,11.375264167785645,7.285787105560303,1.137526512145996,0.7490736246109009,0.15392895193035705,0.012832027141656979,0.9034169078421103,0.6310423365628408,35.30098342895508,3241,0.49313533306121826,8.332202684879302,3,64
56,4.421660423278809,2.8409934043884277,21.031749725341797,13.634978294372559,8.783275604248047,1.3634979724884033,2.1131229400634766,0.15503492544642386,0.015162322543015458,1.1923216258103349,0.7633885292620268,35.30098342895508,3302,0.49313533306121826,20.0,3,64
57,3.8280975818634033,2.7275335788726807,22.86518669128418,12.07902717590332,6.272908687591553,1.2079026699066162,1.7846412658691406,0.158734415578466,0.017993407847841508,0.955555303213791,0.6025543287664802,35.30098342895508,3364,0.4954235553741455,20.0,1,64
58,3.9275598526000977,1.6450101137161255,9.33678913116455,11.213536262512207,7.499495029449463,1.1213536262512207,0.5989473462104797,0.15829324546680393,0.019521797443450183,0.8681371489430688,0.574691912385602,35.30098342895508,3426,0.4954235553741455,4.165820002555847,2,64
59,3.4738025665283203,1.4327739477157593,9.446728706359863,8.92175579071045,5.747544765472412,0.892175555229187,0.3402836322784424,0.1549800466141166,0.01497934219403302,0.8385254915624212,0.7635733851879062,35.30098342895508,3488,0.4954235553741455,1.7272313594818116,0,64
60,3.6428046226501465,1.4581822156906128,7.486132621765137,8.802220344543457,6.784855365753174,0.8802220821380615,0.5715581774711609,0.1612211325148848,0.036410664895585455,0.8522431339559152,0.6610036731538135,35.30098342895508,3549,0.49313533306121826,2.6085728287696845,0,64
61,3.751462936401367,1.8768017292022705,8.48880672454834,10.05746841430664,7.826295375823975,1.005746841430664,0.5891238451004028,0.15860843145924866,0.02441295311393147,0.9499177595981665,0.6128888767097851,35.30098342895508,3612,0.49771177768707275,2.3447188556194303,0,64
62,3.779916524887085,1.9792416095733643,12.93537425994873,9.691286087036133,6.2619547843933105,0.9691286087036133,0.6068236231803894,0.15355723689865852,0.011102479602105026,1.0259094669487168,0.6984300766878435,35.30098342895508,3674,0.4954235553741455,3.7796579837799067,0,64
63,3.545074462890625,1.4534696340560913,9.03775405883789,8.690629959106445,6.342493057250977,0.8690630197525024,0.3828890919685364,0.1574535242688255,0.017505237544683028,0.7485337229377178,0.6694598189069072,35.30098342895508,3736,0.4954235553741455,2.007902318239212,1,64
64,3.902880907058716,1.785294532775879,9.945709228515625,10.616945266723633,7.929052829742432,1.0616943836212158,0.5241870284080505,0.15529459752967878,0.015439359028741778,0.9264979425233496,0.6322043408392034,35.30098342895508,3799,0.49771177768707275,2.117051410675049,1,64
65,3.513139486312866,1.4070913791656494,9.500876426696777,9.54783821105957,5.5627946853637695,0.9547837972640991,0.4713273048400879,0.1546989914788463,0.008822961100852155,0.764827390657526,0.5422813310319728,35.30098342895508,3861,0.4954235553741455,2.3581897616386405,2,64
66,3.909214735031128,1.554094910621643,10.41435718536377,10.39478874206543,5.911384582519531,1.0394787788391113,0.49613210558891296,0.15332844395983147,0.009646172998925307,0.9499177595981665,0.6529814396808185,35.30098342895508,3922,0.49313533306121826,2.428648400306701,0,64
67,4.218719959259033,3.079192876815796,24.441265106201172,14.127297401428223,6.4578633308410645,1.4127296209335327,2.2171990871429443,0.15772568732465816,0.02813107784240039,1.0588171466310885,0.7154536891748435,35.30098342895508,3980,0.48465263843536377,20.0,2,64
68,3.8675289154052734,1.9830176830291748,13.319230079650879,10.262832641601562,7.163140773773193,1.0262832641601562,0.7282394766807556,0.15377913986573696,0.016033376514092604,1.0784646204210873,0.77627539856616,35.30098342895508,4035,0.4794059693813324,8.77500371336937,1,64
69,3.710771322250366,1.8638015985488892,9.35212516784668,10.68765640258789,8.215860366821289,1.068765640258789,0.7195655107498169,0.15495721376741708,0.016752376343417634,0.9559384704964018,0.6309091942774044,35.30098342895508,4095,0.48983335494995117,6.330725193023682,3,64
70,3.956686019897461,1.6540415287017822,9.976762771606445,10.526055335998535,6.942101955413818,1.0526055097579956,0.4714915454387665,0.15782091409847873,0.02831231543678835,0.960143218483576,0.7554533486253733,35.30098342895508,4157,0.4954235553741455,2.754754161834717,0,64
71,4.408942222595215,3.0417919158935547,21.601438522338867,14.128522872924805,8.892197608947754,1.412852168083191,2.3852531909942627,0.16291891096371783,0.031442134359975636,1.0383279828647594,0.6634112182449653,35.30098342895508,4220,0.49771177768707275,20.0,2,64
72,3.8756790161132812,1.8134981393814087,8.956259727478027,9.898284912109375,7.994232177734375,0.9898284077644348,0.6101194024085999,0.15537720160379476,0.016686029160731457,1.068800254666418,0.7513982662890891,35.30098342895508,4284,0.5,3.543453943729401,1,64
73,3.7965941429138184,1.531369686126709,8.353543281555176,10.097678184509277,6.3673624992370605,1.0097678899765015,0.6205070614814758,0.1544110515245563,0.011641680861847472,0.8737435175009884,0.6986513707668255,35.30098342895508,4345,0.49313533306121826,2.3175694704055787,1,64
74,4.5638227462768555,2.945401906967163,20.047313690185547,14.72534465789795,9.226638793945312,1.472534418106079,2.0567924976348877,0.15531170571447378,0.011997248833847429,1.136121245455343,0.7099050160376804,35.30098342895508,4408,0.49771177768707275,20.0,2,64
75,3.8953280448913574,1.672502875328064,8.419831275939941,10.251958847045898,7.002847194671631,1.0251959562301636,0.5919550061225891,0.15678090550169438,0.011926466577634676,1.0353847035643322,0.7564142352148667,35.30098342895508,4467,0.4885588586330414,2.7356064260005954,0,64
76,3.6324009895324707,1.5639599561691284,8.928215026855469,9.517773628234863,6.8509368896484375,0.9517773389816284,0.5472544431686401,0.15855836077092064,0.024607484203474552,1.0226917607470982,0.7205994496768399,35.30098342895508,4529,0.4954235553741455,3.7050988852977755,1,64
77,4.02910041809082,1.8356856107711792,8.432577133178711,11.277975082397461,7.888221263885498,1.1277976036071777,0.6630931496620178,0.1573789401053667,0.022544410534320637,0.95695949986141,0.6142750492433765,35.30098342895508,4591,0.4954235553741455,6.341198742389678,1,64
78,3.4909818172454834,1.43415105342865,8.478601455688477,8.37652587890625,5.402388095855713,0.8376525640487671,0.45732513070106506,0.15484303049880127,0.016964422784875314,0.7441175562369161,0.5642265438480646,35.30098342895508,4655,0.5,3.0661139249801637,0,64
79,3.4665606021881104,1.194959282875061,5.933661937713623,8.466827392578125,5.402100563049316,0.8466827869415283,0.46781671047210693,0.15659822751252653,0.018575269551880432,0.8418671120640121,0.718045768760614,35.30098342895508,4715,0.490847110748291,1.671844905614853,1,64
80,4.468470096588135,2.821215867996216,18.181428909301758,12.497198104858398,9.899422645568848,1.2497198581695557,1.5372921228408813,0.15397633154939125,0.014337231520387269,1.1021995055342748,0.7368847457059747,35.30098342895508,4772,0.4839824140071869,20.0,3,64
81,3.912416934967041,1.8955585956573486,9.301253318786621,10.886541366577148,7.851398944854736,1.0886541604995728,0.6664205193519592,0.1569417271226617,0.01334068989969762,0.8759760181506112,0.661921015876422,35.30098342895508,4830,0.48627063632011414,5.21823142170906,2,64
82,4.062060356140137,1.886235237121582,9.919222831726074,10.680098533630371,7.911317348480225,1.068009853363037,0.5267308354377747,0.15739527929356095,0.02261894385091816,0.9955957701296244,0.7085284411455247,35.30098342895508,4888,0.4852569103240967,2.036137014627457,0,64
83,4.303325176239014,1.9425654411315918,10.418456077575684,11.274979591369629,8.311502456665039,1.127497911453247,0.5512784123420715,0.15671080196372425,0.02042847330139088,1.0,0.6806257139972858,35.30098342895508,4945,0.4839824140071869,1.9604973495006561,0,64
84,4.0137457847595215,2.0594964027404785,11.454071044921875,10.891980171203613,7.788829803466797,1.089198112487793,0.7997978329658508,0.15559586599152322,0.010309606866830787,0.8579533695807716,0.6233473618439972,35.30098342895508,5005,0.490847110748291,8.841748571395875,3,64
85,4.0604352951049805,1.5965923070907593,8.889339447021484,11.258952140808105,7.372921943664551,1.1258952617645264,0.5663774609565735,0.15645310861995654,0.017134581658233054,1.0940847701960759,0.7267567882157335,35.30098342895508,5065,0.49084708094596863,3.156121212244033,0,64
86,4.089134216308594,2.2247962951660156,17.664827346801758,11.541849136352539,6.865415096282959,1.1541849374771118,1.6274282932281494,0.15409891174089319,0.00861125684388477,0.7842131307081003,0.6482147392996238,35.30098342895508,5124,0.4885588586330414,20.0,1,64
87,3.7471165657043457,1.983687162399292,12.156662940979004,10.986380577087402,7.754330635070801,1.0986379384994507,1.1661468744277954,0.15717065130941515,0.018713329854099358,0.856386850377795,0.6675128895428165,35.30098342895508,5184,0.48983335494995117,14.462919121980667,2,64
88,4.286036014556885,2.0150649547576904,10.937837600708008,10.985358238220215,7.972695350646973,1.0985358953475952,0.5515143871307373,0.15623285762951603,0.01516608169903964,1.122284047990971,0.780310233300354,35.30098342895508,5243,0.4885588586330414,3.302094972133636,0,64
89,4.598973274230957,3.773674964904785,22.91785430908203,16.639663696289062,8.350308418273926,1.663966417312622,3.069288492202759,0.15610882113519348,0.013755417174703506,0.899218410621135,0.6650973750493169,35.30098342895508,5301,0.48627060651779175,20.0,5,64
90,4.029868125915527,1.856685757637024,12.467249870300293,11.689029693603516,7.401884078979492,1.16890287399292,0.8740726113319397,0.1564519371183968,0.011779962866383385,0.8964992679863157,0.6796022131646294,35.30098342895508,5359,0.48627060651779175,10.859484380483627,3,64
91,3.8461334705352783,1.7389376163482666,8.889989852905273,9.730106353759766,7.449583053588867,0.9730105996131897,0.46364715695381165,0.15410673764907917,0.00967132222476442,1.0287612013363452,0.7670864122369443,35.30098342895508,5417,0.4862706661224365,2.31992038488388,0,64
92,4.071995258331299,1.8151549100875854,12.009878158569336,10.795209884643555,7.186146259307861,1.0795210599899292,0.6390700340270996,0.15550545442569974,0.014529055734094905,1.0940847701960759,0.7685828335364479,35.30098342895508,5476,0.4885588586330414,4.0565677165985115,1,64
93,4.251166820526123,2.6563477516174316,16.682016372680664,14.426493644714355,7.795112133026123,1.4426493644714355,2.0234475135803223,0.1582014102660317,0.026617110054542346,1.0503673092661443,0.6949567413712583,35.30098342895508,5534,0.48627063632011414,20.0,3,64
94,4.287450313568115,2.4896113872528076,15.949650764465332,12.835803985595703,8.46347427368164,1.2835804224014282,1.5215483903884888,0.15522462918773985,0.015107425234397719,1.1082741016440834,0.754357158960013,35.30098342895508,5592,0.48627063632011414,20.0,2,64
95,3.711916923522949,1.4966305494308472,10.956294059753418,9.213601112365723,5.787105560302734,0.9213600158691406,0.5040653347969055,0.16326795531290708,0.02934638417580653,0.8147504890302306,0.6957161527611434,35.30098342895508,5650,0.4852569103240967,3.9234528183937076,1,64
96,3.9626827239990234,2.1842806339263916,16.120824813842773,12.22909164428711,7.360063552856445,1.2229090929031372,1.543222427368164,0.15542008300384397,0.020685001600123796,0.955555303213791,0.7744842390647633,35.30098342895508,5711,0.4915173053741455,20.0,2,64
97,4.1896820068359375,1.9523617029190063,10.438973426818848,10.959325790405273,7.842165946960449,1.0959323644638062,0.6049636602401733,0.1522989002132638,0.008034173428942816,1.0734727523323542,0.7624837702888759,35.30098342895508,5767,0.48169419169425964,4.527754080295564,1,64
98,4.229230880737305,2.5142760276794434,16.350805282592773,12.94549560546875,7.889041423797607,1.2945497035980225,1.6249622106552124,0.15674363743070852,0.013805536319158231,1.0968705484240153,0.6757485368363022,35.30098342895508,5827,0.490847110748291,20.0,3,64
99,3.512141227722168,1.3126288652420044,8.34660530090332,8.594209671020508,5.471146583557129,0.8594210147857666,0.4056551158428192,0.15765173780309752,0.026472258356008974,0.7891785186983994,0.7056279116461938,35.30098342895508,5887,0.490847110748291,2.8010773777961733,1,64
100,3.847489356994629,1.6357660293579102,8.451495170593262,10.212428092956543,7.18574857711792,1.0212428569793701,0.6213749647140503,0.15904940266389445,0.023985512743822095,0.8881544681951445,0.6535161223239572,35.30098342895508,5945,0.48627063632011414,4.272703582048415,1,64
101,3.828368663787842,1.5776722431182861,8.47675895690918,10.52216911315918,7.1773552894592285,1.0522170066833496,0.7414432764053345,0.15341648464029042,0.009474626831271857,0.9596345332990055,0.6783337514616056,35.30098342895508,6006,0.49313533306121826,6.367133527994156,3,64
102,3.885364055633545,1.8645318746566772,11.390015602111816,10.441502571105957,7.721602439880371,1.0441502332687378,0.558154284954071,0.15570785359584202,0.013721178204633694,0.9890760761311538,0.7004808998111433,35.30098342895508,6065,0.4875451326370239,4.5408442378044125,0,64
103,3.7857487201690674,1.6523069143295288,7.9325127601623535,10.054319381713867,6.902344226837158,1.005431890487671,0.5312302708625793,0.15386472808715146,0.00833421320500374,0.9771560696096606,0.6756066649649713,35.30098342895508,6125,0.49084708094596863,2.230653244256973,0,64
104,3.7184195518493652,1.8994849920272827,11.313175201416016,10.02967357635498,7.879114627838135,1.002967357635498,0.73292475938797,0.16162812575899613,0.03543028381278789,1.0344410855022146,0.685191819085621,35.30098342895508,6187,0.4954235553741455,8.815123456716536,1,64
105,4.021909713745117,1.6829545497894287,10.34730339050293,10.531597137451172,6.834686756134033,1.0531597137451172,0.49612903594970703,0.15951800217634052,0.03577560976248446,0.9270248108869579,0.6274609764826328,35.30098342895508,6248,0.49313533306121826,2.3324945747852324,2,64
106,3.9554643630981445,1.7789033651351929,10.335200309753418,11.153986930847168,7.29011869430542,1.1153987646102905,0.6602534651756287,0.15852282394171324,0.020879349144998446,0.9861095828431037,0.6569528437896035,35.30098342895508,6305,0.4819519817829132,6.421034944057465,1,64
107,4.112294673919678,1.6844191551208496,8.449609756469727,10.522513389587402,7.392324924468994,1.0522513389587402,0.6044595837593079,0.1565385736153879,0.02046822014033707,1.0076610835866393,0.6852716335101255,35.30098342895508,6363,0.48525694012641907,4.200321036577225,1,64
108,3.7181897163391113,2.4065635204315186,20.21630859375,11.018927574157715,5.399664402008057,1.1018928289413452,1.7221879959106445,0.15537349279098947,0.015511196607781143,0.6801812143649661,0.547062706411718,35.30098342895508,6420,0.4839824140071869,20.0,2,64
109,4.382274627685547,1.924228310585022,9.456547737121582,10.805561065673828,7.908714294433594,1.0805561542510986,0.5459659695625305,0.1562100735439859,0.01784119042663226,1.045358042729858,0.7823531407507522,35.30098342895508,6476,0.4806804656982422,4.2821345210075386,2,64
110,3.7293102741241455,1.5379997491836548,9.315573692321777,9.8486328125,6.023430824279785,0.98486328125,0.5253819227218628,0.15671397665178896,0.016581193055873494,0.909477013178453,0.6939976333300516,35.30098342895508,6535,0.4885588586330414,4.58796334862709,1,64
111,3.8719799518585205,1.746424913406372,10.438973426818848,10.12038803100586,6.783124923706055,1.0120388269424438,0.6715750098228455,0.15730895247137586,0.021176602130306383,0.955555303213791,0.6416274898224223,35.30098342895508,6590,0.47940593957901,5.52828050851822,2,64
112,4.14271354675293,2.039323568344116,10.901464462280273,10.280956268310547,7.881496429443359,1.0280956029891968,0.6370466351509094,0.1559878287053817,0.020496818962016185,1.0825317547305484,0.7879784679816314,35.30098342895508,6647,0.4839824438095093,3.463505059480667,0,64
113,3.979612112045288,1.8731878995895386,11.02192497253418,9.822108268737793,7.915516376495361,0.9822108745574951,0.5484499335289001,0.15631526553329692,0.021376502663092687,1.0231690964840563,0.7381675412000335,35.30098342895508,6707,0.490847110748291,3.798282635211944,0,64
114,3.9804913997650146,1.987800121307373,10.956294059753418,11.479586601257324,8.107391357421875,1.147958517074585,0.8677126169204712,0.16012233672485518,0.02408409357299682,0.982264602843857,0.6859839277882844,35.30098342895508,6761,0.47711771726608276,10.188577038049699,2,64
115,3.757584571838379,1.57747483253479,8.459368705749512,10.088459014892578,7.354489326477051,1.0088459253311157,0.45748960971832275,0.16156887860446914,0.039216455529011936,0.8267972847076845,0.5921399285373515,35.30098342895508,6820,0.4885588586330414,2.5527368307113645,0,64
116,3.5583393573760986,1.6271926164627075,7.946866035461426,8.888740539550781,6.94516134262085,0.8888739943504333,0.38873186707496643,0.15848245337370762,0.018052889782690897,0.830186114299077,0.700067267889755,35.30098342895508,6878,0.48627063632011414,1.9679699838161469,0,64
117,3.80656361579895,1.6210240125656128,7.9523515701293945,10.369909286499023,7.235304832458496,1.0369908809661865,0.4973636567592621,0.1584899021210761,0.030471377655684705,1.0182657975081948,0.6782042641894458,35.30098342895508,6930,0.47254127264022827,1.9516262650489806,0,64
118,3.6636228561401367,1.9038965702056885,13.518214225769043,9.033831596374512,6.383650302886963,0.9033832550048828,0.5688387751579285,0.15463780940062896,0.0117816768433568,0.998044963916957,0.8274943566874823,35.30098342895508,6988,0.48525694012641907,5.164076173305511,1,64
119,3.5414042472839355,1.694602370262146,10.95269775390625,9.516307830810547,7.493902206420898,0.9516307711601257,0.47408583760261536,0.15679017643106855,0.014853534538885526,0.8385254915624212,0.5938071723359662,35.30098342895508,7048,0.49084708094596863,3.8970898389816284,0,64
120,3.8233470916748047,1.6218414306640625,11.456547737121582,10.420973777770996,6.33168888092041,1.0420974493026733,0.5984753370285034,0.15752670904677718,0.01711823409106253,0.9559384704964018,0.6323644692036551,35.30098342895508,7108,0.490847110748291,4.858620977401733,2,64
121,3.642223358154297,1.491755723953247,7.898807048797607,10.229289054870605,6.741241455078125,1.0229289531707764,0.6021251678466797,0.15346274157409512,0.01535516122813492,0.8569568250501305,0.5304545241222421,35.30098342895508,7169,0.4921216070652008,4.489330506324768,1,64
122,3.8967132568359375,1.6009563207626343,8.42479133605957,9.619477272033691,7.3078155517578125,0.9619476795196533,0.4886524975299835,0.15555134658658298,0.014546271230970973,0.9270248108869579,0.7147209559022443,35.30098342895508,7224,0.47940593957901,2.67464040517807,0,64
123,4.335358619689941,2.374019145965576,12.336277961730957,10.784832954406738,9.992450714111328,1.0784833431243896,0.6646535396575928,0.15790825441807338,0.025759864155357224,1.1726039399558574,0.8801091701465193,35.30098342895508,7281,0.4839824140071869,6.5006469666957845,1,64
124,4.428709983825684,1.6685270071029663,10.369881629943848,12.099600791931152,7.266696929931641,1.2099601030349731,0.5505468249320984,0.15319835541046228,0.007184406530396661,1.0134592292613454,0.6417114691406158,35.30098342895508,7342,0.4921216070652008,2.8174199104309086,1,64
125,4.209877967834473,1.8793466091156006,9.940340995788574,10.558744430541992,8.223143577575684,1.0558744668960571,0.5608190298080444,0.15754917859754675,0.026556989083544147,1.159202311936963,0.8354552757239188,35.30098342895508,7399,0.4839824140071869,2.366783291101456,0,64
126,3.821101427078247,1.7287057638168335,8.386763572692871,9.289024353027344,7.366381645202637,0.9289025068283081,0.5794637203216553,0.1557771083717359,0.014022249744824147,1.0077822185373186,0.7086272424044653,35.30098342895508,7455,0.48169419169425964,2.837216460704804,0,64
127,3.719712734222412,1.577986240386963,8.523429870605469,10.031213760375977,6.935819625854492,1.0031213760375977,0.509616494178772,0.16416517211827936,0.046453655710485174,1.0383279828647594,0.7074935179032854,35.30098342895508,7512,0.48296868801116943,2.695011043548584,0,64
128,4.383949279785156,1.8684523105621338,10.614236831665039,11.388473510742188,7.70845890045166,1.1388473510742188,0.6626601219177246,0.15648410492410497,0.0180615699444875,1.067886164052611,0.6839311756922772,35.30098342895508,7571,0.4885588586330414,3.8588975608348846,2,64
129,3.9173214435577393,1.6498982906341553,9.982154846191406,11.67321491241455,7.259169101715088,1.1673213243484497,0.7311670184135437,0.15650577584174455,0.021570140435463545,0.9307045382397144,0.6943946586233698,35.30098342895508,7627,0.4806804656982422,8.52661809325218,2,64
130,3.568118095397949,1.4816482067108154,10.877128601074219,9.14315128326416,5.524290084838867,0.9143151044845581,0.47105473279953003,0.1583294500487654,0.020117815787324488,0.8518133231524382,0.6657616436029741,35.30098342895508,7690,0.49771177768707275,3.8023807227611535,0,64
131,4.342781066894531,3.2526581287384033,25.1616268157959,14.39678955078125,8.343711853027344,1.4396790266036987,2.3422107696533203,0.15524036205278496,0.016133714051037917,1.0220947775891431,0.6403945978839348,35.30098342895508,7744,0.47509029507637024,20.0,3,64
132,3.951209783554077,2.0661532878875732,14.782017707824707,11.743571281433105,7.6293768882751465,1.1743571758270264,0.877927839756012,0.1598197122771811,0.023384177595891006,1.018865024181319,0.6573185851618925,35.30098342895508,7805,0.4931353032588959,11.554808259010317,1,64
133,3.877723217010498,1.724786639213562,10.930563926696777,10.11489486694336,6.742175102233887,1.0114895105361938,0.5994164347648621,0.15489416365057956,0.011708915570941352,0.9959635331552055,0.5894974174451765,35.30098342895508,7864,0.4885588586330414,3.3228985488414757,1,64
134,3.8777129650115967,1.7262223958969116,11.713456153869629,10.688837051391602,7.646276473999023,1.0688837766647339,0.7966944575309753,0.1553378413623313,0.010119648993231626,0.904497227400394,0.6830750744356319,35.30098342895508,7924,0.490847110748291,9.483357256650926,3,64
135,3.5641560554504395,1.4369289875030518,8.404580116271973,9.442028045654297,6.483656883239746,0.9442028403282166,0.5414094924926758,0.15395417312378312,0.012763313224609238,0.9801496617226372,0.7132965390967626,35.30098342895508,7981,0.4839823842048645,2.7725568234920503,1,64
136,4.433885097503662,2.5166473388671875,18.02973175048828,12.911081314086914,8.3152437210083,1.2911080121994019,1.2375966310501099,0.15373154717823406,0.00964077808295252,0.9890760761311538,0.6852612131916782,35.30098342895508,8038,0.4839824140071869,18.163285791873932,2,64
137,3.6973750591278076,1.5804922580718994,9.313986778259277,9.903444290161133,7.427472114562988,0.9903444051742554,0.6985875964164734,0.15526767284356294,0.014935518975310537,0.8881544681951445,0.6901505041129422,35.30098342895508,8095,0.4839824140071869,8.8884987950325,1,64
138,4.118422031402588,2.190220355987549,15.448596000671387,10.580273628234863,7.406607627868652,1.0580272674560547,0.5876548290252686,0.15722902902752553,0.012899313527324442,1.095868484068686,0.7338153704273044,35.30098342895508,8152,0.4839824140071869,4.601578962802887,0,64
139,4.319496154785156,3.208735227584839,22.91785430908203,14.209664344787598,7.438388347625732,1.420966386795044,2.472433090209961,0.158727195577062,0.027922707839384966,0.9384110156935499,0.7047408276187014,35.30098342895508,8209,0.4839823842048645,20.0,3,64
140,3.94565486907959,1.4730958938598633,7.948101043701172,10.39956283569336,7.2118000984191895,1.0399562120437622,0.5002526640892029,0.1573468450590799,0.014966024374053791,0.9761561654648298,0.6778490743247129,35.30098342895508,8265,0.48169416189193726,2.390756213665008,0,64
141,3.8468899726867676,3.767915964126587,32.06739807128906,12.179819107055664,5.92823600769043,1.2179818153381348,2.91770076751709,0.1522981616520197,0.009378370201861623,0.9466996537313194,0.7502195011346349,35.30098342895508,8320,0.47940593957901,20.0,1,64
142,4.287237644195557,2.5038442611694336,16.869426727294922,12.914979934692383,8.299722671508789,1.291498064994812,1.73491632938385,0.15881780964847514,0.0326192052736002,0.9701350985172117,0.7267796861491447,35.30098342895508,8373,0.47381579875946045,20.0,3,64
143,3.8039727210998535,1.6658518314361572,8.439599990844727,10.292465209960938,7.7992939949035645,1.0292465686798096,0.5797357559204102,0.15945718377045442,0.035403758179821,1.0528050329951886,0.6859968876644772,35.30098342895508,8431,0.4842432141304016,2.3257288753986356,1,64
144,4.35545539855957,2.0229125022888184,10.901959419250488,12.304553985595703,8.325121879577637,1.2304555177688599,0.5539054274559021,0.1564341422373383,0.014976397283462266,1.1766569102227717,0.7418051805331447,35.30098342895508,8491,0.49084708094596863,3.0166035711765287,1,64
145,3.803088903427124,2.22935152053833,13.289982795715332,12.219414710998535,8.679736137390137,1.221941590309143,1.4630208015441895,0.15489015054016475,0.01498096786106286,0.7948810838735565,0.6562398612955489,35.30098342895508,8549,0.48627060651779175,12.752749824523928,4,64
146,3.972066879272461,2.3173813819885254,14.199504852294922,10.789953231811523,7.341461658477783,1.0789953470230103,1.0435411930084229,0.159415502555926,0.02004366361929286,0.993017615339728,0.7398497953840117,35.30098342895508,8605,0.48169419169425964,14.759331244230271,1,64
147,3.7318389415740967,1.5897512435913086,9.432760238647461,9.21453857421875,7.406710147857666,0.9214537739753723,0.46903157234191895,0.15576313179144508,0.013593212974115178,0.9949825296833106,0.7215623719643991,35.30098342895508,8662,0.48296868801116943,2.8343460202217106,0,64
148,3.618638753890991,1.8627138137817383,10.384684562683105,8.759160041809082,6.429973125457764,0.8759160041809082,0.5459968447685242,0.1571934565277217,0.025546477676324935,0.9051717723725149,0.6258757880246494,35.30098342895508,8722,0.48983338475227356,2.8126137018203736,0,64
149,3.5852975845336914,1.4333457946777344,7.90269660949707,9.993882179260254,6.331262111663818,0.9993882775306702,0.4869394898414612,0.15695368004105678,0.014816527782995312,0.9264979425233496,0.636877129990849,35.30098342895508,8779,0.4839824140071869,2.340236461162567,0,64
150,3.9243388175964355,1.964819312095642,12.467249870300293,10.024046897888184,7.731077194213867,1.0024046897888184,0.8544513583183289,0.15553765173191897,0.014728324229631525,0.9432117670491607,0.6675612464192718,35.30098342895508,8833,0.47711771726608276,11.271399706602097,1,64
151,4.214457035064697,2.1201303005218506,13.982901573181152,12.791910171508789,7.359077453613281,1.2791911363601685,1.4855051040649414,0.1530046962661434,0.007225652706391397,1.0458250331675945,0.7544129971862121,35.30098342895508,8892,0.4885588586330414,20.0,3,64
152,4.009130001068115,1.6578694581985474,8.34436321258545,10.112503051757812,7.529718399047852,1.011250376701355,0.46765777468681335,0.15678744998330132,0.018240799261666506,1.0588171466310885,0.8507148468908388,35.30098342895508,8949,0.4839824140071869,2.2312818944454187,0,64
153,3.992238998413086,1.5731885433197021,10.391016960144043,10.884827613830566,6.391417026519775,1.0884827375411987,0.4865998923778534,0.15784504011953213,0.025583491019233993,0.8816709987291178,0.5945971130144799,35.30098342895508,9005,0.48169416189193726,2.358268046379089,2,64
154,3.708963394165039,1.510489821434021,8.456547737121582,10.560044288635254,6.318095684051514,1.0560044050216675,0.5914983749389648,0.15881578752864828,0.02642392611446441,0.8418671120640121,0.5685772757298746,35.30098342895508,9062,0.48296868801116943,5.571231549978256,1,64
155,3.4998106956481934,1.3696811199188232,8.508712768554688,9.119389533996582,5.396702766418457,0.9119389057159424,0.43821799755096436,0.15749845640597557,0.021224540306974907,0.8770901375428868,0.6535407190508253,35.30098342895508,9118,0.47966673970222473,2.9917813777923588,0,64
156,3.942694664001465,1.6995152235031128,9.31193733215332,10.413972854614258,7.274144172668457,1.041397213935852,0.6679924130439758,0.1546841204774444,0.015166275299266658,0.8613613407711075,0.7103472882161537,35.30098342895508,9175,0.4839824438095093,6.817707282304763,2,64
157,4.199157238006592,1.9148668050765991,10.419238090515137,10.817987442016602,7.869075298309326,1.0817986726760864,0.6188060641288757,0.15582782658939212,0.01389510331988362,1.0076610835866393,0.7640727082618977,35.30098342895508,9227,0.4695000946521759,1.8191495060920715,2,64
158,3.790985584259033,1.673917531967163,9.379992485046387,11.034852027893066,7.571592330932617,1.103485345840454,0.6594488024711609,0.1534635654875232,0.009199040822535424,0.9310979322149738,0.5449512140735816,35.30098342895508,9286,0.4875451326370239,4.264747005701064,3,64
159,3.6612679958343506,1.4841232299804688,7.876246929168701,8.844341278076172,7.1729207038879395,0.8844340443611145,0.44689762592315674,0.15405105768563881,0.013005730972425964,0.8699631816921909,0.6632109412783315,35.30098342895508,9341,0.47940593957901,1.3526685297489167,0,64
160,3.8847367763519287,1.7590487003326416,9.685853958129883,9.58944034576416,6.842966079711914,0.9589441418647766,0.5492320656776428,0.1549542866620562,0.012521223731514397,0.8926785535678563,0.7122336891217287,35.30098342895508,9391,0.4679648280143738,2.426668745279312,2,64
161,3.8084487915039062,1.3559291362762451,8.461587905883789,10.896987915039062,5.930093288421631,1.0896987915039062,0.6198592185974121,0.15721094358143464,0.014944463812152512,0.887742044458862,0.6558927663022995,35.30098342895508,9448,0.4839824140071869,7.5196296155452735,1,64
162,3.6886870861053467,1.3330951929092407,7.912762641906738,9.699371337890625,5.8991780281066895,0.9699372053146362,0.40858975052833557,0.15540195882610958,0.013875322590728743,0.7977935882012339,0.5863576280491403,35.30098342895508,9506,0.48627063632011414,1.3924727618694304,0,64
163,3.569018840789795,1.3159483671188354,8.390801429748535,9.456828117370605,5.843084812164307,0.9456827640533447,0.4220942556858063,0.15936643952866125,0.02775686837186552,0.8046495743489833,0.5679499279299804,35.30098342895508,9564,0.48627063632011414,2.6405687510967253,0,64
164,3.6709022521972656,1.394102931022644,7.985398769378662,9.891420364379883,6.30914306640625,0.9891420006752014,0.5298370122909546,0.15498664238748713,0.009116457793591583,0.9331932326024445,0.6344521828299834,35.30098342895508,9623,0.4885588586330414,2.438602423667907,0,64
165,4.261486053466797,2.2220373153686523,13.023736000061035,10.788848876953125,7.914548397064209,1.0788848400115967,0.9538214802742004,0.15256193312405275,0.010934444770029979,1.0601997158554608,0.7989674466365718,35.30098342895508,9680,0.481954962015152,12.226348996162416,1,64
166,3.900322437286377,1.6099358797073364,9.930741310119629,10.695714950561523,6.430764198303223,1.0695714950561523,0.5172572731971741,0.16140187569393982,0.02679683571712532,0.875,0.6387227938499732,35.30098342895508,9733,0.47381579875946045,2.1500709652900696,0,64
167,3.7943923473358154,1.960370659828186,13.032076835632324,10.186240196228027,7.36903715133667,1.0186240673065186,0.8427461981773376,0.15523831313285608,0.016949369931942283,0.9691279504662942,0.6483080880405581,35.30098342895508,9785,0.4715275466442108,10.50567768216133,2,64
168,3.7579360008239746,1.8016382455825806,10.952351570129395,11.016861915588379,7.22573184967041,1.1016861200332642,0.5402798056602478,0.1582709423279876,0.01928246955680683,1.0072975913303874,0.6322315492578847,35.30098342895508,9838,0.4748294949531555,3.3304494678974144,2,64
169,3.7761495113372803,1.7192343473434448,10.914851188659668,9.830718994140625,5.947211265563965,0.9830718636512756,0.608902096748352,0.15781180207393078,0.023297132125538363,0.9596345332990055,0.6655662065959894,35.30098342895508,9901,0.49771177768707275,4.485460156202317,1,64
170,4.01931619644165,1.6472351551055908,10.914822578430176,10.015401840209961,5.910452365875244,1.0015403032302856,0.5587579607963562,0.1599533030775353,0.024693834128024755,0.958998297378572,0.6820562621614222,35.30098342895508,9955,0.47711771726608276,3.4741861820220947,0,64
171,3.97829270362854,2.07094669342041,13.006319046020508,10.095427513122559,8.319847106933594,1.00954270362854,0.5621738433837891,0.15366640928383013,0.010562306280156966,1.1021995055342748,0.7535317566734437,35.30098342895508,10010,0.47839227318763733,3.6257051110267637,1,64
172,3.8269996643066406,1.86320960521698,10.420602798461914,9.892128944396973,7.700301170349121,0.9892128705978394,0.6627258658409119,0.15713343877054445,0.019993546499598905,0.993017615339728,0.6996686294369887,35.30098342895508,10061,0.470253050327301,5.329952049255371,1,64
173,4.000837326049805,2.5697128772735596,20.047313690185547,12.351067543029785,6.278746128082275,1.2351065874099731,1.963352918624878,0.1540387654467826,0.011715839942491086,0.8815325344960332,0.6510807610948115,35.30098342895508,10114,0.4728020429611206,20.0,3,64
174,4.0221710205078125,1.9940948486328125,10.91793155670166,11.21689224243164,7.930379390716553,1.1216892004013062,0.5631168484687805,0.1611132379008892,0.02695191732422729,1.0475743932413584,0.6413452363107837,35.30098342895508,10168,0.47509029507637024,3.1964331090450284,0,64
175,4.040882587432861,1.6437397003173828,10.567352294921875,12.002180099487305,7.307126522064209,1.2002179622650146,0.9081107974052429,0.1568058375813676,0.013358592279576507,0.8143008887997114,0.5901027240359328,35.30098342895508,10227,0.4885588586330414,10.968342870473863,3,64
176,3.4177751541137695,1.2170138359069824,7.923625469207764,9.278300285339355,5.799661636352539,0.9278299808502197,0.5234770178794861,0.15988210765007638,0.025574330728664555,0.8360470138544841,0.5820398182559116,35.30098342895508,10288,0.4921215772628784,2.61564929485321,1,64
177,3.6801490783691406,1.498193383216858,7.859830856323242,9.48692798614502,5.848141193389893,0.948692798614502,0.40888354182243347,0.15692260876884714,0.017010582271817076,0.7119241093684073,0.5650597896708497,35.30098342895508,10341,0.47381579875946045,1.4865662753582,0,64
178,4.243177890777588,3.4971256256103516,28.574434280395508,13.509685516357422,7.817582130432129,1.3509684801101685,2.987117052078247,0.15740646386869472,0.022111569661732035,0.8815325344960332,0.7284055060852855,35.30098342895508,10399,0.48627063632011414,20.0,3,64
179,3.585265874862671,1.46231210231781,9.320539474487305,9.602659225463867,6.812041759490967,0.9602659940719604,0.4089183807373047,0.15775966141568265,0.021713552326757667,0.7485337229377178,0.6055947197239957,35.30098342895508,10453,0.47711771726608276,4.820294666290282,1,64
180,3.792044162750244,1.6019513607025146,9.946402549743652,10.107945442199707,6.249849319458008,1.0107945203781128,0.584808349609375,0.15798260514433313,0.037443083375914135,0.8848496959229856,0.6466517842339086,35.30098342895508,10507,0.47711771726608276,5.75008727312088,2,64
181,3.5424537658691406,1.381329894065857,8.387826919555664,9.197385787963867,6.273120403289795,0.9197385907173157,0.45672741532325745,0.15630141903026887,0.02088929634187489,0.7699178121721825,0.5196215726597652,35.30098342895508,10565,0.4862706661224365,2.784913951158524,1,64
182,4.181695938110352,2.8412961959838867,18.474075317382812,12.876383781433105,6.381726264953613,1.2876384258270264,2.027824640274048,0.15444079207506672,0.007733675277893912,0.8051045642492657,0.7111670737279933,35.30098342895508,10621,0.48169416189193726,20.0,2,64
183,3.889248847961426,2.0498580932617188,13.604307174682617,11.079986572265625,7.6698102951049805,1.1079986095428467,1.1934821605682373,0.1597155042643531,0.0238164822504409,0.8881544681951445,0.5407575932886604,35.30098342895508,10678,0.48296868801116943,17.66876227259636,1,64
184,3.623917579650879,1.290359616279602,8.411853790283203,10.012133598327637,6.123348236083984,1.0012133121490479,0.4923049509525299,0.1600057906258941,0.023984117444551575,0.9023352948738069,0.6940580999292882,35.30098342895508,10732,0.47711771726608276,2.6082964599132534,2,64
185,3.934196949005127,1.481567144393921,8.36767292022705,11.008362770080566,6.324785232543945,1.1008362770080566,0.6362782120704651,0.15480180637597363,0.012807999355160218,1.0522251348333207,0.6535251540725375,35.30098342895508,10785,0.47178834676742554,3.585241389274597,1,64
186,3.5125226974487305,1.358484148979187,7.438755035400391,8.98897647857666,5.967182159423828,0.8988975286483765,0.47803452610969543,0.15588282790365002,0.01578237528740143,0.8003905296791061,0.5740629899211481,35.30098342895508,10843,0.48627063632011414,2.69171359539032,0,64
187,3.6785335540771484,1.5777119398117065,9.313369750976562,10.08732795715332,6.354671955108643,1.008732795715332,0.6228433847427368,0.1557829240890562,0.01342082404258063,0.9610327696676113,0.7294814647662412,35.30098342895508,10896,0.47381576895713806,4.310302793979645,3,64
188,4.314479351043701,2.364731550216675,12.205594062805176,12.572219848632812,9.6768217086792,1.2572219371795654,1.5425680875778198,0.16135130607441137,0.0253044256621329,1.1161763343553741,0.7426031152759107,35.30098342895508,10946,0.46593737602233887,20.0,2,64
189,3.6820080280303955,1.6013838052749634,9.390276908874512,8.778336524963379,7.031289577484131,0.8778336048126221,0.47947725653648376,0.1571298392193709,0.016254260388166,0.8545318071172073,0.6472102895829759,35.30098342895508,10998,0.4709232449531555,2.5453412950038916,0,64
190,3.9271457195281982,1.787682056427002,10.919175148010254,9.795370101928711,7.389315128326416,0.9795370101928711,0.5658808946609497,0.15457838859623688,0.016520428335825944,0.9432117670491607,0.6434677510469908,35.30098342895508,11053,0.47839224338531494,3.5448215544223785,2,64
191,3.911437511444092,1.7063665390014648,10.381447792053223,10.114104270935059,7.235384941101074,1.0114104747772217,0.5627869963645935,0.15522820998201148,0.009731734036245068,0.9801496617226372,0.6303206767382973,35.30098342895508,11108,0.4794059693813324,2.2049971997737883,1,64
192,3.6141927242279053,1.4018675088882446,8.95349407196045,8.668001174926758,5.759797096252441,0.8668001890182495,0.4975069463253021,0.15819949642271766,0.025547428666957358,0.8385254915624212,0.6489257175124745,35.30098342895508,11162,0.474076509475708,4.053499191999435,2,64
193,3.593015432357788,1.3575363159179688,7.399501800537109,9.214597702026367,5.868124008178711,0.9214597344398499,0.4822368025779724,0.1553234061155065,0.01236284349206756,0.7754471996048474,0.6081860002365295,35.30098342895508,11218,0.4806804656982422,1.229145884513855,0,64
194,4.374823570251465,2.1976206302642822,11.313175201416016,11.582942962646484,9.680669784545898,1.1582943201065063,0.761094868183136,0.15768458601326377,0.019160021735645787,1.096759253152213,0.7242889206704146,35.30098342895508,11271,0.472802072763443,8.423526579141617,1,64
195,4.012914180755615,1.4504566192626953,7.955633163452148,9.267572402954102,6.452404975891113,0.9267572164535522,0.5019853115081787,0.15701916053428377,0.014786319564857119,0.820721624166806,0.7035297503535285,35.30098342895508,11322,0.470253050327301,2.196149837970734,1,64
196,3.9750113487243652,1.6449397802352905,7.86480712890625,9.750113487243652,7.391678810119629,0.9750112891197205,0.48074471950531006,0.15531564325656824,0.01018061784727387,0.982264602843857,0.671127718940091,35.30098342895508,11376,0.47509026527404785,3.7616370737552645,1,64
197,3.802389144897461,1.6428020000457764,7.942303657531738,9.6095552444458,7.41859769821167,0.9609554409980774,0.4422450661659241,0.15690810224879587,0.017865266962218643,0.9916644782889019,0.7248517987898156,35.30098342895508,11429,0.4728020429611206,1.3103663027286534,0,64
198,3.8494138717651367,1.6323542594909668,7.894908905029297,10.689748764038086,7.2910261154174805,1.0689748525619507,0.5081032514572144,0.15809795112493877,0.017939067285730692,0.9216101314411642,0.674395059082609,35.30098342895508,11477,0.461360901594162,3.2891091942787165,1,64
199,3.6872243881225586,1.2728815078735352,7.5253729820251465,9.6987943649292,5.812123775482178,0.9698793888092041,0.4041021764278412,0.15799515485502955,0.02579512691692854,0.7749747979773278,0.6070064051567178,35.30098342895508,11530,0.47381579875946045,2.0999284029006957,1,64
200,3.9170305728912354,1.707271933555603,9.930741310119629,10.107809066772461,7.76141357421875,1.0107808113098145,0.480116069316864,0.15915481620872443,0.021993259184433133,0.9384110156935499,0.6558348826182837,35.30098342895508,11582,0.4715275466442108,2.3074363410472873,0,64
